99 99
67 67
99 49
79 41
40 67
61 259
40 261
72 93
99 50
91 67
265 64
258 256
260 41
67 262
99 40
49 44
266 64
272 263
266 263
264 256
41 256
99 51
43 93
257 67
91 78
50 41
271 67
78 269
44 67
280 72
267 256
99 260
262 78
61 67
49 257
70 41
267 270
275 256
268 67
99 110
277 256
79 67
50 257
285 278
49 41
49 67
271 257
269 78
293 264
258 110
286 258
51 41
44 257
40 78
40 291
79 289
45 93
99 268
40 257
91 110
78 260
91 79
317 312
83 262
41 67
49 279
70 276
50 276
264 110
267 287
50 67
296 256
108 41
79 257
274 40
258 284
315 263
110 49
273 40
285 50
335 278
283 78
41 257
282 79
99 52
41 110
275 270
327 277
283 67
108 276
262 318
273 268
319 262
99 115
274 268
271 311
47 67
50 279
260 288
44 311
281 67
66 114
256 256
270 45
78 40
316 262
51 257
258 67
280 278
258 41
110 110
281 257
78 290
110 50
284 79
35 78
364 346
99 262
286 40
61 79
267 40
310 310
78 67
281 110
258 308
264 270
273 301
269 67
264 41
274 260
273 49
273 260
273 290
275 287
274 301
274 290
305 110
78 49
257 288
270 78
319 288
61 78
309 41
274 49
78 268
268 294
266 93
83 67
298 257
40 45
110 256
297 41
285 51
408 278
336 67
258 295
51 276
99 111
272 93
302 268
261 256
289 47
260 328
51 67
50 284
307 257
292 45
259 67
377 291
313 256
371 41
79 269
307 67
264 67
273 321
78 314
304 41
273 326
351 309
300 67
274 321
323 282
357 41
292 322
294 41
303 67
267 381
299 260
306 41
318 41
72 278
315 446
268 257
281 331
340 358
357 276
273 50
287 288
307 110
355 309
333 256
277 270
267 260
271 279
49 375
292 78
325 345
342 322
61 83
61 257
306 67
277 110
274 50
296 270
274 294
287 328
300 78
274 326
372 41
273 294
44 279
268 268
289 40
267 268
304 67
270 291
286 260
290 257
264 295
352 40
50 308
299 294
450 340
325 288
47 78
275 40
393 269
372 276
442 365
40 259
352 417
348 67
337 67
313 110
51 279
281 258
78 298
287 345
361 67
99 332
78 35
83 257
302 79
110 51
389 345
339 292
268 262
83 512
299 314
351 260
273 298
305 256
274 298
257 257
306 284
351 40
324 110
398 261
256 49
267 50
373 110
464 41
273 353
367 282
331 79
264 276
78 50
258 270
299 290
340 256
355 260
297 276
356 282
79 61
70 284
323 49
316 288
267 295
355 40
264 320
283 257
267 349
324 256
258 349
274 353
329 79
294 276
264 115
281 115
283 303
402 49
299 321
264 258
409 41
362 257
297 79
414 49
91 83
298 279
506 67
303 290
305 111
50 261
281 380
40 527
277 41
264 338
314 288
282 292
275 295
369 256
52 41
354 67
264 341
346 41
343 41
286 50
267 413
323 302
301 108
325 328
330 259
83 394
336 257
262 67
78 301
111 282
269 318
339 269
293 40
300 368
275 349
275 457
400 269
373 332
275 260
258 375
377 322
304 341
64 93
329 288
111 110
305 359
308 268
270 283
313 258
397 47
50 416
289 92
305 287
78 348
259 256
304 320
268 110
290 279
309 67
363 284
469 322
286 310
289 50
370 292
260 426
330 423
334 259
275 413
273 354
299 353
292 291
258 297
258 45
513 261
79 282
286 418
460 284
295 110
274 354
376 322
299 448
371 276
304 276
343 67
293 258
314 41
79 292
333 110
304 338
273 419
270 407
50 314
267 110
321 40
264 332
305 304
306 308
388 257
391 257
298 360
267 313
286 110
258 115
302 288
267 406
392 268
598 384
52 257
277 67
49 289
270 257
363 108
334 423
49 294
333 45
411 110
40 279
61 299
292 283
290 360
434 67
359 296
374 45
267 354
256 110
401 41
330 283
50 370
298 329
70 308
299 268
271 539
258 44
258 320
301 284
379 282
333 270
304 291
274 309
99 53
293 310
79 284
303 257
286 309
268 261
369 110
344 83
402 268
273 309
115 282
273 314
279 79
267 115
293 418
334 283
49 40
271 565
49 297
79 383
455 67
274 314
292 396
303 321
376 45
305 270
267 425
35 257
415 268
439 49
393 383
479 256
313 366
289 49
281 295
260 262
52 338
257 282
275 51
414 268
78 321
264 261
294 341
108 320
333 295
422 324
458 345
264 349
256 50
273 51
375 284
260 424
305 332
340 270
49 261
274 51
295 277
293 110
342 78
286 354
52 341
490 417
292 451
52 320
264 111
310 291
268 256
343 341
274 419
409 320
532 269
290 300
40 445
306 45
280 312
275 406
533 322
281 111
356 302
342 45
367 302
389 328
397 92
362 279
304 282
350 79
368 329
347 79
347 303
429 41
299 301
324 343
344 79
258 78
115 300
431 41
294 320
337 257
258 420
83 392
258 505
525 270
350 303
296 503
275 425
570 78
363 308
292 297
267 309
366 110
339 325
290 361
362 329
305 295
402 50
40 407
300 303
431 288
270 474
369 295
333 406
276 282
64 605
290 282
563 605
267 324
374 283
332 110
44 539
491 322
370 269
264 331
294 284
281 313
277 366
360 348
563 824
300 378
256 301
299 404
484 110
307 115
485 614
271 78
79 306
297 401
294 338
258 261
601 345
281 78
358 49
414 50
339 306
326 41
478 92
326 328
463 50
460 308
342 451
49 260
485 417
258 111
480 328
327 264
541 297
52 276
313 313
302 427
343 338
286 268
44 565
392 270
299 298
395 41
302 294
257 79
291 67
61 378
299 483
380 268
307 111
40 438
400 383
466 108
281 349
264 282
342 291
502 329
273 404
293 51
324 295
462 49
277 115
585 284
323 258
277 341
424 67
389 288
277 338
633 481
346 320
51 261
300 269
343 320
267 262
479 110
274 404
270 322
379 111
78 326
277 406
274 362
282 330
642 258
602 284
494 561
292 493
302 257
52 67
270 378
268 416
323 339
495 257
298 361
342 493
256 295
276 49
351 49
351 314
260 345
79 304
298 281
270 438
371 320
292 344
364 774
51 314
368 360
553 256
40 283
352 625
258 332
453 67
306 320
259 257
301 308
381 322
258 338
273 500
275 110
281 366
282 334
258 476
49 397
283 350
83 398
957 262
78 294
258 303
430 79
411 256
396 67
277 295
355 314
83 305
528 79
274 500
358 50
110 282
395 341
262 79
394 67
110 300
50 289
330 337
110 258
355 49
339 376
295 282
292 79
472 321
257 303
275 405
439 300
315 278
324 287
270 259
270 344
434 257
264 78
288 40
303 260
273 362
277 320
78 289
258 503
365 78
267 304
398 416
576 295
347 283
422 369
300 306
352 612
333 373
296 40
264 45
61 279
463 281
291 257
49 268
375 308
439 282
258 79
353 40
384 331
336 350
343 276
258 486
275 313
409 338
296 349
275 115
778 524
514 288
296 755
525 358
271 409
371 338
526 268
299 40
290 443
264 505
368 361
50 44
542 67
456 40
513 416
296 413
302 262
436 79
583 300
334 337
290 329
494 551
258 453
340 110
412 50
40 423
593 284
405 432
547 300
336 347
318 320
674 284
324 359
449 79
534 360
287 424
350 283
264 416
299 440
556 260
299 326
372 284
99 447
368 79
550 79
277 332
297 320
269 79
258 283
462 300
387 259
287 426
267 657
400 303
669 561
50 397
258 455
110 301
267 418
499 111
306 291
78 51
257 283
482 424
271 70
275 268
298 316
270 297
554 282
305 313
50 269
393 303
357 284
421 281
271 283
523 67
429 328
288 260
78 257
327 110
337 290
374 474
275 768
521 445
374 344
374 438
264 380
70 370
282 376
292 337
562 260
271 79
270 588
296 425
300 257
346 338
442 949
293 268
359 535
694 319
258 313
327 310
466 328
305 381
292 438
256 51
582 358
49 448
385 259
435 290
1027 571
341 110
487 320
339 383
293 260
270 396
258 536
360 279
348 257
287 78
347 257
269 445
401 276
392 359
303 40
374 297
680 67
277 111
377 540
376 451
508 383
47 299
531 282
44 78
269 297
313 363
306 370
454 111
334 410
324 684
307 295
262 297
50 476
489 67
277 276
429 276
544 445
47 270
368 257
462 282
298 379
585 308
330 410
567 611
327 418
306 297
485 784
342 297
275 354
270 403
330 344
279 282
267 310
296 758
258 287
298 443
307 366
350 257
636 67
79 308
572 282
78 478
575 384
337 321
52 519
306 283
376 283
831 264
305 395
324 111
310 322
412 282
333 287
346 276
401 341
323 300
378 570
338 282
803 524
506 257
79 714
456 447
79 325
407 270
488 41
545 282
298 356
294 308
303 49
281 363
342 537
334 344
547 282
624 365
361 257
602 308
388 497
567 287
330 559
303 301
258 281
444 78
281 365
477 79
35 67
301 328
388 297
358 264
647 420
421 323
548 295
314 260
373 264
339 374
352 289
115 302
586 471
496 303
720 284
378 807
325 603
838 262
523 257
455 257
320 282
269 257
264 313
379 302
295 300
543 365
576 110
400 348
532 383
40 474
510 281
258 447
405 604
404 257
299 61
399 303
623 307
821 295
549 270
548 115
888 481
942 92
296 287
382 284
630 281
301 41
326 276
781 509
386 303
50 40
948 750
274 578
456 260
478 352
595 474
293 753
549 359
334 79
325 262
332 282
258 50
702 358
486 268
549 287
374 337
273 578
348 776
330 79
495 260
83 522
292 537
483 282
323 415
668 524
289 398
347 78
557 40
613 282
856 67
387 426
634 284
342 283
563 312
391 497
510 50
442 696
78 41
305 852
307 384
376 493
405 581
461 298
373 111
461 326
467 488
517 260
412 264
485 445
647 281
352 49
392 287
333 366
728 49
650 313
299 564
292 257
292 617
678 268
111 302
50 260
483 300
460 370
694 937
351 301
740 270
304 302
299 500
334 771
391 297
293 405
330 771
268 448
485 612
110 52
433 41
488 67
638 365
78 397
258 544
467 295
79 343
676 284
267 264
337 294
49 61
664 300
422 522
830 319
379 592
79 279
333 640
281 279
340 41
478 445
703 384
826 262
385 426
277 264
369 45
258 344
419 41
369 270
292 378
328 110
620 282
669 551
958 416
258 540
548 110
324 457
292 329
389 644
307 349
850 264
734 268
736 282
78 353
51 416
281 592
362 360
296 406
651 282
624 331
885 284
387 580
325 644
481 331
1156 478
342 617
367 300
801 359
368 316
822 50
299 679
363 328
324 332
400 257
411 50
535 909
307 331
661 386
267 111
323 459
562 40
404 281
289 260
283 347
367 257
530 292
50 465
299 560
318 341
336 330
573 67
275 343
367 339
583 282
396 321
359 604
283 316
372 308
273 621
597 281
334 559
556 40
44 409
471 110
660 386
797 269
334 444
595 438
79 330
355 301
741 40
866 284
710 40
358 51
793 115
275 262
370 306
295 50
270 83
324 40
672 268
456 110
370 325
776 348
336 385
44 283
392 324
482 426
740 358
274 621
349 282
111 300
484 256
259 110
403 570
403 41
342 396
430 360
78 404
377 70
357 308
490 856
288 67
469 451
303 314
347 337
553 457
1300 702
296 295
735 92
356 339
362 307
638 331
292 474
357 320
509 110
267 766
716 384
369 358
950 79
336 387
49 465
699 588
842 268
304 300
411 270
277 640
323 301
352 627
306 344
44 70
385 283
333 358
336 334
49 298
260 259
282 465
436 360
356 639
385 580
526 260
51 110
674 308
428 568
258 257
51 284
382 386
306 303
306 540
461 1095
279 281
264 447
352 1292
343 291
281 653
526 326
325 283
333 811
282 297
623 51
380 79
620 300
459 648
73 41
362 454
313 331
264 503
282 390
281 304
275 309
407 653
303 268
543 258
392 405
569 268
305 358
295 363
422 749
282 329
593 308
525 110
388 79
374 329
292 259
79 302
495 40
350 337
256 40
473 41
316 444
258 413
430 361
277 261
534 279
382 361
330 83
663 270
491 451
436 361
50 61
374 396
481 481
402 654
330 444
79 334
379 332
287 580
274 560
374 79
350 78
471 331
428 435
40 397
451 49
387 283
52 358
490 614
313 115
403 49
330 336
373 256
392 260
1007 322
665 256
386 79
463 356
835 331
730 79
287 262
296 931
391 79
667 300
517 115
50 626
412 49
748 258
337 353
290 504
1135 561
362 428
290 302
363 41
313 111
891 1242
78 814
421 437
501 476
324 282
297 338
646 328
275 418
324 270
1336 612
543 331
575 264
645 282
556 268
324 969
456 354
390 386
840 328
838 590
67 377
281 622
289 294
863 256
275 619
390 284
516 297
390 361
830 937
682 348
456 295
256 277
52 279
1172 612
305 366
303 294
469 493
279 259
421 379
363 370
826 590
290 316
865 307
783 471
450 277
323 515
334 83
376 396
110 635
531 49
380 288
115 258
371 284
341 111
337 298
671 41
575 579
315 312
439 302
747 111
393 348
283 496
256 857
567 270
424 110
318 338
552 49
339 482
436 443
333 420
323 434
257 302
509 256
463 367
912 295
304 45
632 40
279 283
382 316
968 79
558 257
562 268
273 573
376 438
715 365
323 817
50 455
359 769
596 360
342 438
1249 352
678 260
942 47
300 520
256 326
598 572
264 425
327 268
691 281
700 67
381 365
49 314
508 292
1526 362
958 261
271 1214
440 331
858 291
374 259
44 79
664 282
492 257
787 470
267 578
1737 1246
1748 1603
532 303
398 752
502 360
430 443
390 316
382 308
411 260
414 51
50 536
79 300
1317 426
764 49
323 511
323 697
339 489
387 559
258 690
411 287
566 360
339 458
388 360
110 268
402 51
668 840
491 493
275 111
395 353
296 268
564 281
332 373
389 603
398 375
289 268
678 405
494 279
429 320
264 365
510 857
516 79
359 581
73 276
347 344
464 341
618 282
303 656
304 297
258 499
324 366
568 331
258 359
401 320
350 410
292 606
917 281
270 537
670 329
302 316
906 332
382 399
393 441
374 407
415 257
376 344
660 399
264 307
695 539
596 329
509 295
83 279
273 920
488 338
513 752
401 338
78 362
1012 279
756 78
516 497
469 537
397 490
518 382
491 396
533 283
555 257
385 559
392 1052
624 258
50 45
661 399
264 291
324 758
376 537
513 375
463 379
377 692
295 49
306 79
286 578
258 607
49 262
428 281
267 366
401 284
421 282
636 257
425 49
411 359
83 282
597 379
306 78
334 336
1270 687
805 307
274 573
447 256
642 310
316 707
1567 301
395 362
693 394
298 504
429 341
733 40
552 282
381 110
270 79
286 621
567 673
560 307
627 1313
304 78
997 524
368 443
302 350
288 314
1124 40
670 279
386 78
789 470
435 825
293 309
295 301
390 399
273 560
819 67
667 282
405 769
428 282
352 398
514 338
567 359
339 422
427 257
350 441
469 291
464 284
507 262
111 281
432 331
647 486
658 110
541 540
290 542
357 341
432 115
568 67
387 262
715 363
382 304
400 441
715 258
468 78
260 902
452 78
299 362
658 332
986 49
270 1792
391 361
296 768
295 258
785 307
323 521
293 627
462 1240
385 423
343 281
347 410
264 499
860 50
662 348
582 258
720 308
260 580
258 704
484 51
558 519
907 405
491 283
269 279
369 406
395 257
710 495
1028 766
650 359
595 407
444 303
388 361
654 257
325 502
522 287
78 284
386 329
381 115
640 301
297 341
347 83
394 321
337 268
343 110
354 257
391 360
428 379
356 298
461 353
472 257
654 300
330 1137
514 320
337 347
518 497
303 326
501 536
305 1471
461 50
356 415
337 573
489 353
788 282
258 70
50 544
793 110
731 291
385 262
484 687
329 41
277 349
333 1667
743 67
424 257
695 565
330 498
350 344
421 449
574 283
287 744
297 284
390 304
275 868
367 415
337 350
324 313
428 613
433 276
391 279
535 503
325 78
1128 796
40 322
1079 307
258 722
290 514
783 115
735 47
51 289
302 347
518 79
305 453
352 614
1040 307
50 752
79 470
347 441
847 320
480 41
296 115
816 268
336 279
821 366
296 471
342 474
264 530
264 363
531 302
491 537
886 282
534 316
299 49
40 444
871 258
788 300
1006 111
461 404
567 1160
326 320
748 418
260 590
306 70
483 257
290 1032
514 41
78 419
380 294
634 308
458 603
579 282
658 115
273 52
352 784
110 302
290 288
270 445
411 687
399 329
50 375
296 395
323 508
820 331
542 257
371 341
359 488
388 279
305 673
793 332
367 459
814 307
323 594
283 325
440 115
630 379
566 329
595 297
511 283
462 302
350 83
53 41
1416 47
382 932
40 559
267 505
339 466
509 927
518 297
480 745
1029 67
264 412
394 290
271 297
267 621
353 260
511 407
582 110
457 322
510 356
61 336
577 111
574 396
606 67
409 284
310 540
347 637
277 505
655 260
449 649
83 50
492 480
901 331
885 308
676 308
399 79
492 862
78 625
352 268
325 590
271 344
671 338
387 423
700 257
306 609
267 447
275 366
1500 571
264 1084
276 50
1604 41
515 79
384 115
324 358
501 455
305 115
2095 378
306 329
78 815
526 314
422 1276
668 611
334 432
890 452
521 496
899 67
1005 283
525 256
368 279
293 333
302 797
461 348
293 495
484 619
352 1760
493 49
709 522
422 576
422 1265
258 425
258 829
380 427
515 83
297 688
370 383
836 366
368 504
321 260
293 354
387 902
369 366
738 307
699 83
961 300
306 476
392 610
582 256
372 338
40 432
917 420
425 50
632 433
279 420
258 395
365 303
390 308
295 302
805 51
292 407
353 452
390 360
350 336
298 367
2123 262
597 356
477 259
380 257
521 1055
303 50
330 432
607 282
270 110
340 67
453 257
353 468
264 302
433 289
79 420
337 314
517 1082
1023 307
684 349
608 432
1897 612
330 427
334 498
731 540
545 302
422 708
487 276
78 282
399 78
853 268
429 345
554 302
699 403
1321 41
347 279
787 475
419 338
400 877
264 413
547 302
394 257
429 338
974 279
528 360
710 1050
414 1307
318 276
619 282
343 1011
593 276
342 79
577 115
286 314
274 52
342 344
356 300
290 589
328 257
347 336
669 279
467 1123
806 50
379 331
429 823
576 447
517 796
304 322
866 308
412 281
901 365
298 643
51 308
1850 301
764 282
658 1082
382 360
258 692
454 295
653 331
1353 750
326 345
260 283
400 292
608 604
436 386
487 338
1125 332
489 257
50 362
430 637
296 110
490 61
264 257
304 110
574 344
292 403
299 662
541 70
78 330
1042 300
566 316
378 922
467 111
490 625
336 1064
517 40
362 519
421 356
908 452
433 79
487 284
352 1828
287 79
390 79
287 523
341 282
479 270
767 110
1379 258
344 283
548 260
690 269
582 927
1216 363
396 257
940 264
586 110
599 257
502 361
630 356
631 257
259 279
480 345
779 302
370 376
402 1307
650 453
295 326
847 338
495 519
811 301
495 753
1034 865
306 692
477 297
1025 291
955 360
115 435
83 304
384 380
1493 445
510 379
298 323
710 260
396 290
288 290
419 276
759 281
1416 490
747 332
274 920
501 544
873 588
741 1050
765 356
334 427
526 301
390 932
702 256
78 334
391 992
481 380
256 447
382 79
802 1337
262 111
296 52
404 356
387 337
480 282
307 332
522 467
287 670
398 1013
741 495
623 454
303 298
283 441
336 1115
333 425
521 279
327 753
702 270
344 78
912 115
50 679
472 656
331 427
461 691
456 977
289 309
849 78
336 388
395 500
270 527
741 260
270 1440
327 40
347 259
382 289
624 380
49 540
473 276
333 359
429 282
258 1403
83 1848
334 589
110 277
273 648
526 573
439 435
329 283
115 256
264 734
505 110
913 433
264 421
362 412
296 260
83 292
1520 417
368 837
729 79
257 83
894 256
1518 268
596 316
1338 614
483 302
83 324
1046 420
1644 348
430 386
491 438
258 1084
279 300
264 428
494 1215
387 78
802 1682
256 419
556 298
746 295
323 634
1179 571
314 440
275 310
795 284
654 279
507 83
356 789
293 447
50 110
558 261
384 111
356 459
516 288
1376 40
478 47
772 257
351 290
51 61
327 1268
274 648
1034 110
388 992
385 902
298 538
1046 281
372 320
809 1205
560 454
258 734
724 67
460 476
499 301
333 852
305 349
279 78
258 291
693 388
260 440
1480 1152
368 288
1204 287
1015 308
411 619
79 281
655 395
385 523
336 282
1589 264
490 1501
436 504
627 279
411 1271
385 337
596 257
562 298
295 340
1086 269
509 358
489 298
517 677
306 455
556 294
275 1070
298 437
430 792
655 405
678 1052
442 258
371 308
831 310
355 290
655 1092
306 338
323 271
325 410
283 433
275 467
695 78
629 257
44 1214
463 326
329 424
547 435
329 262
264 1403
378 639
51 397
715 331
1126 571
370 374
422 1001
711 348
430 542
652 289
737 297
256 115
777 281
398 464
809 603
670 1246
557 260
1106 365
1614 277
51 625
283 473
414 654
270 337
764 300
327 52
292 498
1478 321
268 394
785 412
434 279
598 545
1591 343
296 405
511 257
672 354
324 395
342 257
486 79
268 269
623 421
385 78
367 79
762 111
550 360
346 341
587 257
388 443
826 922
380 477
716 579
641 257
892 395
385 898
997 256
368 643
277 447
821 343
368 297
560 412
430 492
353 448
83 306
747 287
511 396
728 282
292 348
926 50
1060 110
461 552
270 507
334 1137
436 542
83 343
325 79
340 406
716 572
918 49
943 304
283 279
330 546
376 337
330 589
1089 1654
1373 304
703 572
504 79
83 391
693 391
49 478
1549 258
1982 2248
508 306
1544 426
1131 1235
469 617
1621 277
436 637
791 331
701 348
283 382
2294 2560
2645 2370
541 692
801 287
387 444
281 611
402 938
281 386
543 50
429 745
463 529
535 413
486 288
1293 384
367 637
431 259
349 300
401 308
593 320
431 898
1218 537
79 482
583 435
432 111
40 410
532 441
475 475
1088 331
277 313
777 379
298 297
428 449
404 379
262 332
388 1102
685 369
333 600
1328 258
518 288
301 370
391 443
292 433
580 279
591 631
50 722
964 687
557 382
421 613
657 110
79 374
422 645
496 269
412 302
910 302
363 476
372 341
306 536
760 552
1024 384
50 440
53 338
257 281
282 316
530 325
651 302
1903 481
1543 687
1996 269
292 1039
814 412
115 356
778 256
299 419
385 444
314 338
891 264
535 425
1118 307
305 499
586 115
1135 551
597 367
336 391
1107 268
736 302
533 451
306 626
49 420
264 457
296 359
509 687
600 300
488 341
633 471
557 309
888 471
270 316
314 320
1110 331
952 635
1062 282
268 752
1019 50
760 362
591 641
290 435
460 609
575 531
391 288
461 41
332 277
428 437
325 1000
638 380
458 644
268 373
298 589
495 279
484 332
414 52
2113 41
517 712
806 281
530 306
816 260
385 1100
53 257
672 398
294 370
111 437
756 67
449 427
797 383
390 289
506 279
274 670
595 283
584 288
666 290
470 282
286 573
323 50
517 405
488 307
929 78
532 348
549 524
378 568
686 298
327 369
295 51
339 279
411 332
1110 365
267 314
1668 677
353 330
652 79
583 302
516 992
333 673
1333 115
289 51
1104 307
1077 256
258 441
268 375
465 257
332 256
336 430
549 610
289 352
323 947
488 320
323 895
49 924
1878 79
915 291
79 489
754 611
392 2162
339 494
292 1395
310 70
300 659
292 546
323 585
667 49
737 407
906 111
810 276
275 49
649 283
385 344
303 483
83 804
543 696
339 775
2139 326
650 287
492 844
462 585
379 304
44 297
270 394
78 560
579 111
557 390
385 935
620 302
601 603
391 1102
1610 464
304 79
83 320
811 326
948 1696
439 472
313 380
575 545
281 447
292 394
258 1097
411 395
850 418
544 496
1068 330
645 49
507 79
386 704
387 344
803 840
349 302
550 361
283 306
1459 384
517 110
1142 426
409 276
352 1501
275 1863
340 338
279 307
406 49
526 405
327 817
1107 264
339 1341
325 337
450 110
327 1607
651 300
880 282
855 331
582 115
342 259
403 276
287 1209
815 395
296 868
92 67
419 341
421 257
324 302
513 1013
425 51
258 329
382 41
1286 295
385 300
258 965
258 944
290 507
270 329
481 365
871 1388
368 542
481 384
430 504
723 259
409 341
1294 384
544 1055
330 1193
868 115
363 609
388 288
562 294
403 50
327 883
422 484
477 283
903 257
1544 41
475 470
468 303
323 683
108 284
305 413
746 366
903 67
841 433
803 796
339 685
713 259
462 895
1090 607
536 83
1983 383
1045 300
421 569
305 971
1369 79
458 590
353 354
678 314
740 256
436 792
472 301
277 425
559 279
842 405
389 552
293 369
325 344
731 70
1106 331
402 1577
999 331
387 935
78 500
299 1313
536 79
602 370
323 719
672 260
367 511
1324 297
1289 291
389 1147
1028 657
1346 365
326 341
299 785
79 475
1057 769
334 546
342 407
516 360
389 426
292 473
386 705
296 313
700 110
325 632
1231 282
49 309
1131 800
268 279
811 264
661 492
454 332
462 301
525 111
356 434
306 441
549 395
421 584
490 478
51 45
260 745
431 580
436 399
302 297
695 409
1088 365
918 282
340 111
257 78
476 648
938 257
300 441
412 326
260 432
78 276
623 428
289 627
356 859
257 344
566 361
302 676
703 545
746 304
292 555
535 270
2481 1008
339 893
271 357
339 761
723 440
2010 349
716 545
733 268
373 277
283 390
281 303
260 581
435 420
1124 309
778 1652
306 259
1094 453
290 643
863 1568
115 367
759 379
468 282
298 449
975 260
330 618
424 295
321 309
41 269
728 300
2398 1381
357 338
297 347
287 590
342 329
40 79
405 1219
454 437
802 647
873 403
660 792
662 296
703 579
1251 331
706 404
797 348
258 978
307 579
332 300
1251 365
78 308
378 40
658 796
694 258
706 326
759 356
399 705
726 432
894 1665
510 367
314 257
83 388
1279 384
329 492
907 260
1394 307
615 298
336 394
501 375
330 403
673 303
436 334
2146 326
390 475
1735 338
518 992
83 790
382 504
337 279
270 546
2111 1130
588 67
547 472
649 451
435 834
419 320
1021 111
444 378
495 397
1083 1734
336 399
281 399
350 259
1572 40
268 350
49 648
78 656
501 44
1321 341
1122 384
853 260
1454 67
1847 611
307 264
298 79
260 559
374 606
339 461
392 395
471 363
406 50
675 79
460 455
462 472
409 308
613 302
986 50
382 475
289 326
277 384
934 331
430 399
665 381
666 67
2895 277
569 79
642 260
1202 291
962 309
530 383
589 79
502 443
324 301
431 2208
849 67
677 520
586 712
281 607
502 297
391 1009
258 1036
693 279
422 275
743 257
492 83
387 523
350 637
49 879
281 808
1581 269
822 258
469 297
337 40
2478 488
275 332
353 334
604 282
568 257
528 772
684 413
50 872
395 744
342 337
733 258
78 305
501 752
511 1218
49 1382
396 294
550 772
390 465
378 707
336 386
83 347
846 291
1225 50
458 426
473 289
1847 359
543 380
793 111
297 675
564 379
306 438
275 505
389 1208
572 302
467 1465
1486 360
510 326
1006 1873
110 326
1031 526
340 115
452 79
551 420
470 475
548 40
1345 300
940 429
279 486
463 437
1511 307
596 361
665 610
892 369
618 302
533 344
661 792
2628 1151
1164 349
571 115
685 324
53 320
295 264
653 363
367 434
1860 290
343 878
452 303
582 795
298 507
1520 614
456 1263
51 879
1338 784
303 350
353 938
516 279
1817 295
325 426
1068 334
522 359
484 509
736 677
298 288
257 477
967 281
406 51
571 111
842 1329
425 268
975 737
432 380
534 361
860 281
1144 362
863 359
467 332
713 423
450 310
535 349
528 361
1119 420
340 332
685 522
1150 767
402 52
1213 407
257 420
760 560
805 419
1025 540
258 357
1026 67
671 341
297 308
733 260
412 887
708 313
350 279
457 111
1573 1594
502 643
374 498
695 70
303 625
1549 363
783 295
49 45
663 395
465 283
1322 282
340 341
691 379
307 279
51 358
663 610
342 1562
502 279
414 1577
918 300
374 555
79 466
1261 358
292 83
258 1067
566 279
271 329
399 441
264 92
608 597
336 436
2382 270
337 682
49 70
367 639
264 678
399 420
479 287
330 555
404 323
646 41
460 626
360 444
310 692
471 380
2528 341
482 283
1558 1696
342 1039
600 282
296 1607
329 282
83 517
373 677
298 554
743 331
343 437
348 394
431 424
356 515
835 380
339 267
822 354
271 616
367 279
306 606
894 755
115 281
1677 384
373 453
307 313
557 941
456 941
268 347
330 279
436 492
50 1013
723 423
486 294
1249 51
342 378
618 639
533 617
326 338
1630 577
300 79
550 452
726 604
389 1000
269 329
668 3254
502 79
1693 287
387 410
814 454
1612 260
1081 257
1498 264
351 321
564 356
1409 307
535 3069
979 537
897 111
292 427
503 50
323 730
628 79
642 883
2120 1678
471 258
501 320
273 670
658 712
440 111
339 686
323 524
303 306
671 320
382 83
435 294
569 288
1154 258
477 303
568 380
455 279
466 41
414 938
543 363
296 488
387 898
575 572
325 1080
1876 41
431 79
367 515
915 540
395 763
314 259
640 697
1187 270
838 922
695 283
850 1101
110 435
457 384
385 410
262 407
1179 900
329 591
2364 257
347 427
744 111
78 556
295 677
287 603
1031 1547
746 1263
521 297
473 497
926 281
851 397
267 607
584 427
2206 416
50 879
258 971
347 378
521 1699
552 302
1427 52
264 592
558 752
586 270
962 40
390 504
369 758
412 379
295 256
459 79
333 486
1211 283
496 441
848 282
654 329
298 514
40 581
277 600
337 301
548 354
431 773
718 651
367 594
703 264
467 359
306 44
457 332
304 916
889 281
703 531
553 453
307 380
433 452
411 405
415 260
307 531
864 257
908 468
799 477
1131 1020
289 737
332 865
471 365
706 1095
1128 2353
258 378
783 110
721 1472
326 823
465 79
292 1562
480 424
1118 51
334 555
313 349
336 470
450 418
1045 282
461 276
458 632
388 1009
467 40
553 282
401 79
1730 768
387 1100
304 257
716 1101
2734 1362
305 369
428 323
304 474
666 321
516 2914
298 529
1317 41
356 508
110 363
713 440
883 295
488 79
667 302
398 1151
686 257
1774 264
767 67
492 279
373 369
377 1112
727 394
296 111
469 396
584 294
400 705
394 301
289 301
709 324
295 332
1342 287
2576 1151
421 302
1281 644
313 264
350 269
365 742
397 79
462 435
1069 281
422 2037
499 282
387 1120
458 283
1286 927
49 354
274 398
391 354
334 297
340 366
1126 900
297 350
378 613
1835 291
338 257
665 1568
652 41
870 281
99 986
296 619
544 279
309 320
330 297
287 362
475 282
511 344
1546 331
336 300
50 291
762 110
1182 1205
2051 613
466 424
386 441
660 492
115 110
268 115
795 308
1368 509
1169 50
391 542
334 403
1379 363
304 472
1797 1387
861 745
1582 359
864 110
1478 620
694 943
647 690
378 49
707 257
518 1102
827 395
418 3015
454 800
466 284
421 79
323 812
365 378
50 735
632 260
583 472
411 369
754 359
340 320
398 527
1125 358
327 49
306 878
401 823
1289 878
459 283
390 41
306 257
518 279
456 980
891 927
746 381
399 83
264 453
1172 784
596 279
1057 581
314 303
376 555
886 302
479 989
964 256
429 928
684 503
301 401
463 857
1599 751
657 343
334 618
268 295
1635 307
325 580
1332 631
501 722
586 796
561 420
674 370
337 656
392 1890
510 529
78 341
1260 401
558 375
1094 270
543 635
275 447
433 497
352 2022
306 1097
951 1092
1188 338
306 474
286 398
816 679
366 677
327 447
277 503
264 607
656 1022
487 308
385 328
257 262
40 289
671 276
952 282
921 707
363 1686
669 1215
896 540
258 92
2138 395
731 692
518 465
673 41
78 517
548 405
447 282
323 1176
595 329
803 1652
700 739
432 712
343 297
275 301
260 423
908 433
2347 67
287 83
987 362
287 410
1729 79
1104 454
337 283
314 262
1007 493
258 1171
564 449
298 542
309 348
577 349
1376 309
723 320
1211 378
458 502
316 945
275 578
456 405
966 2346
482 262
3658 277
847 284
798 282
369 1331
258 318
464 276
332 1247
275 607
1706 447
608 510
503 49
321 300
333 734
874 368
110 111
718 283
306 357
492 468
297 428
390 470
304 438
827 270
344 427
724 404
664 435
258 279
1909 290
645 302
277 416
421 538
292 2592
2387 564
1495 51
685 1001
662 467
458 262
1090 366
51 264
890 433
281 378
875 115
401 928
617 282
460 536
556 924
2016 519
267 457
1944 358
962 883
534 1186
49 440
292 350
313 677
1443 384
361 2032
2309 92
429 1259
342 1395
110 295
526 290
1182 603
283 787
486 427
988 331
368 514
653 380
298 343
1346 331
392 295
372 370
841 257
874 316
344 403
358 52
306 832
779 300
61 364
678 40
277 499
1016 297
576 260
327 258
620 435
490 2022
303 679
708 425
467 395
50 1382
1713 307
1029 257
379 619
725 386
78 735
52 261
387 328
430 837
905 568
464 1848
615 79
260 523
906 110
518 360
305 425
356 2119
760 500
749 359
1610 1904
79 347
1498 2470
541 283
282 283
2170 366
488 276
258 1066
292 1252
984 769
257 410
691 437
558 476
444 742
528 452
304 259
348 2356
575 887
650 1568
303 347
477 410
404 367
820 380
1273 304
696 290
325 346
1443 110
325 1147
749 295
1007 537
329 316
279 83
817 634
2167 303
389 3065
785 454
355 321
508 376
732 79
630 367
339 731
956 83
1126 897
1844 45
421 501
347 628
479 453
522 2794
756 378
363 371
1273 343
297 628
1181 78
1132 257
471 384
482 78
562 924
843 833
399 334
880 300
1479 331
448 79
369 373
329 599
1815 319
1340 304
115 324
411 381
1156 856
516 1102
383 79
562 354
530 376
978 78
381 259
853 679
2110 852
340 277
1338 417
115 437
836 295
279 428
549 840
374 546
343 79
912 110
283 789
259 331
593 370
716 531
788 302
368 519
695 79
404 279
991 41
269 452
585 370
324 640
1036 78
2043 264
305 471
283 844
1585 300
658 1298
365 269
51 465
2388 762
526 1271
1438 257
1077 600
1255 49
281 551
570 378
728 301
1286 687
460 832
347 555
615 1209
597 437
283 388
615 1175
997 1652
281 332
281 79
853 294
564 437
1159 284
523 279
313 453
727 378
777 356
657 2378
430 316
901 380
353 433
363 320
830 258
3013 490
334 279
584 257
867 51
812 262
289 2917
1333 332
569 427
51 1434
429 1212
347 589
40 451
2038 471
388 542
1034 1676
1342 270
388 289
890 468
672 294
3299 1406
504 83
659 288
2206 261
597 529
333 304
264 287
1134 302
3346 326
623 419
489 326
435 620
49 353
484 260
528 1065
556 50
738 454
51 679
258 269
522 405
363 536
40 297
78 394
1340 359
387 1487
422 1183
305 610
1132 590
329 300
306 1173
329 773
550 1065
1332 641
404 529
258 851
732 83
770 41
606 290
330 799
659 79
259 111
363 626
926 326
268 1013
1427 577
337 326
51 40
613 49
269 2444
473 452
595 396
664 302
258 1167
527 332
1076 295
1561 276
454 282
1782 78
570 283
347 487
863 304
277 842
298 431
1309 282
558 279
381 974
579 302
297 390
1124 260
1255 282
292 1790
1834 611
321 282
404 449
766 343
415 303
392 40
633 453
772 646
412 437
432 279
422 548
2512 635
399 589
755 571
2913 295
545 639
283 411
382 443
601 644
258 1455
306 544
436 316
279 344
459 78
615 78
781 1019
891 110
627 40
1398 115
307 78
1641 257
482 523
398 3031
602 476
399 704
332 849
403 309
699 507
543 530
2131 417
482 440
267 369
49 625
473 341
270 493
809 767
323 854
369 640
376 474
390 83
461 394
1742 365
458 78
842 260
385 281
323 930
829 282
293 578
492 304
740 110
334 945
1498 429
332 743
313 277
385 1487
706 348
2178 419
462 818
260 78
517 50
1188 320
1426 358
871 1073
1007 451
336 475
456 453
644 282
1136 635
553 295
50 294
264 881
816 448
484 1895
630 437
534 288
1126 995
431 440
461 1433
518 1009
1815 937
403 1080
525 1579
658 600
556 326
688 331
522 270
469 438
858 1011
748 1423
378 859
313 365
44 357
485 397
1397 326
670 765
429 935
340 276
2096 79
569 257
277 1084
1036 409
385 79
501 872
1238 725
626 407
50 383
553 359
479 1140
2503 635
733 309
277 45
297 767
379 415
300 348
356 511
264 359
2224 454
281 481
1937 332
458 1175
564 529
727 445
325 972
440 447
377 67
456 366
497 751
356 594
52 110
644 49
275 499
387 440
304 459
262 257
903 78
1569 610
466 283
482 337
557 386
305 2346
1864 331
403 401
1622 1594
324 852
681 441
871 331
494 3209
1070 488
547 904
434 763
304 415
321 1975
329 78
258 1492
665 304
332 302
509 270
283 862
347 599
362 316
258 372
342 1790
346 284
934 365
1657 960
83 302
287 1556
267 1397
1216 365
1636 307
343 83
50 478
411 304
780 427
293 1703
463 49
802 1243
915 70
810 298
350 628
770 465
595 344
624 998
865 412
2148 395
461 1732
348 79
826 707
528 336
501 297
425 619
50 680
1172 614
396 301
1480 1070
386 520
593 341
304 303
754 373
412 367
444 269
601 426
306 1066
303 283
61 283
1163 41
323 110
2876 41
321 448
521 79
1558 750
427 496
483 435
492 485
362 361
325 552
305 491
774 3521
259 524
882 437
364 3980
296 366
1021 115
737 79
999 365
1945 420
514 423
1749 420
2365 1728
329 410
822 363
306 403
1719 634
463 782
440 380
733 354
411 673
999 110
1619 725
350 297
903 110
79 370
339 747
50 965
387 498
582 634
386 1194
83 41
439 301
564 323
835 592
344 813
665 359
909 49
435 718
1038 396
663 359
802 548
385 1120
1003 366
415 79
363 455
836 287
468 329
682 2885
908 473
591 3563
324 499
701 320
646 1392
457 110
257 337
541 1066
290 1037
275 829
996 260
564 367
258 464
1355 652
1086 383
343 356
2166 1008
861 283
327 495
2772 79
78 879
3812 365
680 2905
304 407
386 83
1490 433
281 1415
440 384
288 321
500 448
1421 3791
658 111
482 79
479 610
615 688
535 2516
758 341
1255 300
367 739
1179 897
350 487
347 675
827 610
979 407
917 486
984 581
428 302
966 3711
292 1305
820 384
1273 488
626 283
1719 1319
431 946
778 40
463 538
461 925
562 50
421 698
382 507
1121 303
388 40
394 298
649 396
742 330
324 673
618 300
260 1100
1213 1071
596 837
325 1208
50 552
437 297
502 316
306 420
79 652
465 316
684 406
858 322
2373 79
836 1123
350 378
344 718
305 858
663 1140
1030 257
352 50
638 696
325 874
1094 349
1865 67
258 1873
386 283
1040 428
709 1148
297 282
50 924
302 303
1204 270
1127 78
1865 257
387 79
1892 751
333 453
296 50
1827 51
333 395
1957 356
466 1153
343 322
264 600
1003 358
1181 283
494 297
325 523
1417 281
307 447
764 302
579 592
548 332
1479 365
624 696
279 297
1932 384
279 637
352 61
279 337
302 1012
847 276
994 297
650 1929
873 344
665 892
1643 445
656 283
827 969
279 336
362 443
853 448
450 268
2441 671
1188 341
67 310
655 359
306 722
720 370
871 365
333 875
566 79
387 1053
302 283
404 433
412 356
1434 745
487 341
387 773
1046 486
350 427
414 1527
1129 115
896 70
633 295
1187 1593
257 441
456 578
347 498
361 496
2990 111
662 870
569 294
719 844
1581 383
50 646
367 508
760 276
390 403
766 256
515 283
646 745
1117 67
115 960
387 307
889 437
431 338
1390 366
562 448
444 368
2007 384
479 1734
323 845
1333 110
1216 258
1522 1654
754 840
299 50
324 2860
955 348
835 111
337 78
297 382
83 325
376 498
292 452
73 284
321 354
880 257
295 795
541 396
557 354
1155 1472
275 1152
399 330
886 300
271 83
484 268
391 504
307 545
724 298
940 405
562 495
551 281
340 295
2532 353
404 538
389 262
746 287
4366 471
816 40
108 308
376 546
3412 561
433 316
410 282
268 916
273 398
342 403
1021 481
615 424
661 393
517 1052
489 260
1025 70
479 607
867 277
684 115
1408 1820
483 739
688 115
765 454
660 732
390 542
654 507
1299 455
991 276
749 610
281 470
660 393
330 1043
436 514
554 300
966 381
430 334
621 707
956 78
1361 283
623 412
369 600
543 998
386 420
738 412
480 300
671 328
3096 607
562 1050
464 49
406 326
708 295
399 283
557 399
362 643
748 1056
888 295
661 732
668 1160
1434 935
742 334
468 79
318 1136
259 739
1003 3004
608 777
517 354
1023 428
491 2665
741 648
816 294
386 330
550 443
2079 341
836 1048
324 2431
3946 969
1023 454
381 617
439 1240
299 1199
305 868
277 829
909 50
483 472
1657 635
342 616
817 1319
996 51
334 1022
310 257
433 341
533 259
1620 407
517 1250
313 270
1928 268
486 257
295 260
1615 258
396 682
724 257
467 755
391 83
560 421
281 471
369 412
337 448
2598 895
457 115
2352 432
1517 967
1493 1055
353 924
1430 365
1551 291
404 437
638 530
568 110
432 295
78 562
457 256
258 1112
994 497
3132 974
516 443
1481 523
3192 680
297 306
581 115
690 325
356 460
347 269
664 818
391 1883
343 449
516 1009
367 472
356 666
352 418
462 1176
707 67
267 553
307 833
1371 373
548 931
560 428
1660 938
1626 420
49 564
277 429
665 270
264 464
283 470
1124 621
290 472
463 554
339 706
1116 385
815 1271
324 290
1121 79
1164 406
953 79
418 110
267 1067
439 415
602 609
480 320
302 292
292 497
466 745
858 878
556 1050
376 79
40 344
501 1013
1619 566
522 268
3161 363
279 1513
327 405
53 341
260 290
347 475
586 610
535 768
388 1962
370 466
334 1074
1164 503
314 1360
437 292
379 459
501 965
277 755
52 314
449 846
528 1267
3259 330
382 465
264 622
83 350
283 430
1294 572
550 1267
403 807
672 627
549 295
577 770
842 314
394 260
907 395
83 3264
791 115
640 947
748 634
321 924
271 2779
296 453
300 519
725 260
830 943
482 344
267 601
1020 268
638 1423
556 448
1241 2401
286 619
267 522
1024 579
1116 387
1817 366
41 115
953 344
260 410
330 581
366 635
492 1879
1345 282
659 427
668 264
467 326
439 895
334 1043
632 452
334 407
459 477
444 441
3183 844
403 955
399 480
324 971
305 264
1819 289
300 383
343 45
303 573
343 743
954 648
392 573
914 79
468 283
368 739
638 1056
1079 412
646 345
287 1166
558 536
287 707
893 283
699 445
334 799
430 514
1668 1691
386 589
390 443
1473 363
350 498
386 507
367 719
813 257
1030 279
348 279
690 306
391 316
479 708
411 471
1083 110
296 262
1182 552
436 837
688 111
78 302
50 978
321 1360
522 1184
715 380
391 289
982 386
51 269
382 1829
323 929
595 79
1610 527
440 313
1816 282
522 2343
316 773
528 443
893 344
1788 433
636 110
981 645
896 79
382 329
2479 571
342 2307
282 729
469 1562
379 301
441 807
50 1258
593 476
593 338
1079 428
391 40
1083 1854
931 49
1471 849
283 681
297 1238
296 817
1280 83
510 437
358 419
554 622
608 630
1199 577
515 427
367 666
257 279
385 440
382 370
1077 373
711 268
3281 1542
347 546
333 78
303 353
79 844
430 336
586 453
865 421
2635 452
456 309
3080 1863
376 297
47 115
686 353
428 1316
749 287
1723 115
382 542
290 415
501 704
356 1370
626 396
1106 380
725 330
1027 900
293 619
649 1605
913 465
257 401
1582 1447
330 1010
2066 714
1335 302
390 507
1467 332
484 395
327 509
928 540
50 798
259 287
494 1542
507 282
307 369
1040 454
306 1112
432 365
782 294
890 79
1805 577
61 394
330 1018
269 344
890 473
411 268
386 410
453 500
336 550
815 264
78 1064
2494 363
783 481
329 320
2309 47
920 41
748 674
258 1461
379 380
518 443
78 347
541 329
404 452
541 1112
760 2714
1164 413
820 365
508 681
394 682
522 1789
347 297
1126 277
264 878
1398 600
361 279
458 874
519 282
3296 268
986 40
1788 2651
385 1053
534 431
403 1373
711 320
305 505
385 555
744 282
684 425
49 2345
264 1206
268 397
326 1887
624 530
1110 380
812 283
1179 995
1129 111
334 1671
330 945
1023 421
465 289
50 2240
313 447
708 282
326 646
258 356
40 337
324 1084
388 504
557 330
914 344
79 303
2622 258
2057 300
661 1694
508 303
83 420
661 79
749 499
369 811
270 617
655 314
292 794
378 756
509 640
306 372
733 1073
1630 738
873 83
3813 467
1299 544
2035 714
526 40
456 270
400 396
466 1491
664 904
691 356
52 1584
323 435
347 704
1168 807
915 692
319 257
78 350
376 407
1031 1031
805 454
660 79
670 360
458 933
1063 279
999 380
482 410
1515 384
982 399
1340 1447
672 737
458 424
2259 714
1281 552
510 538
387 2859
725 399
403 350
49 404
296 418
373 258
1439 428
505 429
761 298
1839 115
2600 687
1575 524
429 426
388 83
3464 2511
1464 559
3444 363
1613 432
325 83
679 426
3090 2765
4265 366
962 405
744 110
715 960
864 739
1729 257
630 449
685 2037
296 309
487 823
1281 603
475 283
727 588
461 564
543 1423
400 480
2034 277
3311 403
2619 295
342 963
1363 331
430 487
1386 734
810 353
2834 491
325 911
305 850
397 393
115 277
549 989
615 933
436 347
275 621
395 276
805 421
292 3452
632 468
324 413
333 1960
431 289
461 928
556 495
367 521
486 262
643 591
394 294
486 477
326 1746
650 1854
835 530
670 577
332 833
256 405
359 1219
1414 282
665 110
948 2017
259 78
3342 1130
596 443
260 707
494 794
791 380
750 358
323 990
810 404
297 613
470 302
347 423
484 270
79 376
831 429
558 3467
391 1962
593 609
303 279
649 493
258 1076
1484 883
1454 257
297 300
1805 762
313 622
543 301
1490 2315
843 437
601 1208
50 331
724 691
436 304
428 698
390 1829
611 257
632 448
910 300
541 372
497 757
350 360
1049 282
608 1690
330 1074
1079 421
425 40
314 1120
304 566
1394 428
569 262
3863 257
281 499
1489 1245
2716 585
663 111
528 316
348 350
1090 111
625 92
780 294
1405 433
517 268
1279 545
1860 301
781 467
806 379
270 451
534 819
584 262
52 115
511 394
1016 79
620 472
350 675
509 406
934 380
1462 559
2054 331
268 602
812 590
1990 326
533 378
1391 922
318 284
433 468
363 832
582 2813
392 314
292 496
388 354
267 829
51 260
699 4081
1024 2298
548 51
1025 692
435 483
962 354
453 294
1169 264
4109 111
710 648
550 336
330 841
774 879
439 459
491 344
810 341
952 258
313 530
2576 680
705 477
347 616
275 697
286 1925
398 2113
267 499
1678 577
418 295
481 530
367 859
1731 571
339 1003
390 329
275 836
376 606
350 555
725 334
550 504
50 448
574 394
822 1073
379 434
437 465
561 307
1121 257
664 472
510 554
828 441
1265 384
44 344
268 879
656 297
402 2097
896 692
267 1532
53 276
659 477
3778 258
439 585
939 2468
324 610
44 616
444 520
835 677
2297 3726
277 78
1775 384
1068 385
1777 2910
298 646
91 80
435 2029
306 378
1473 365
733 941
853 40
933 279
1094 287
323 970
414 495
314 423
388 410
626 1218
482 502
747 343
843 1111
3339 115
412 449
1187 1854
1486 316
52 465
630 323
1036 70
633 287
972 347
78 497
334 801
908 79
2165 384
258 1593
428 529
550 532
721 79
452 282
652 465
547 818
838 707
480 302
415 283
3361 3022
890 336
510 449
50 1171
83 338
1042 302
523 110
414 2097
940 369
991 282
329 337
729 283
399 507
279 424
389 580
382 3779
696 825
294 609
473 468
1155 1132
83 3470
281 269
656 79
300 1051
2397 571
393 1196
368 1186
374 1555
290 1026
665 987
662 1708
473 316
706 298
1038 337
327 627
1138 1472
304 602
1435 83
292 709
115 622
388 403
300 551
399 520
576 40
560 903
297 477
99 45
473 79
471 471
665 395
556 354
713 320
382 551
412 1253
606 321
586 295
292 588
403 40
2178 51
2554 4555
1450 523
1376 621
431 262
1642 3456
332 1926
466 308
1446 354
50 282
2994 295
350 589
528 3766
51 115
480 341
356 787
436 350
433 338
298 569
660 382
313 384
297 440
659 294
352 856
2166 429
439 339
297 538
452 1149
292 507
379 786
1006 304
725 354
78 727
728 302
300 547
827 287
1294 545
690 383
264 259
334 438
368 819
1371 287
428 584
376 2665
541 1449
760 2142
283 475
701 268
290 434
743 110
1438 361
356 521
430 732
329 303
661 382
1545 110
831 883
597 554
1807 359
305 1390
510 2286
436 330
49 1190
501 1158
2421 622
287 502
458 1208
562 309
925 257
473 338
330 1022
4172 277
724 353
268 475
654 435
535 406
558 45
267 3500
737 1640
373 343
108 67
458 410
3353 348
1742 331
349 281
302 1457
2635 468
1499 67
411 610
304 441
78 1115
356 271
291 110
287 644
369 287
976 290
544 297
352 2475
337 475
3745 1162
330 1671
772 279
1028 2836
982 260
374 963
1005 344
326 401
575 1101
2656 577
336 302
793 600
1386 519
583 818
594 257
548 3625
2451 622
333 1031
392 1685
1749 281
356 683
299 697
456 287
41 78
923 383
366 51
329 394
402 1527
359 432
491 1395
2292 453
598 579
3272 45
339 1375
422 342
324 509
391 347
746 1140
296 1634
433 83
298 780
307 413
463 779
708 359
300 297
342 555
367 271
316 1264
388 1976
546 269
261 67
1805 867
892 332
1949 51
511 473
1827 307
1272 281
465 1514
489 283
2430 1329
2454 420
2079 276
528 343
431 1063
1333 111
508 374
2124 639
633 270
1864 365
415 689
1213 438
336 516
396 483
1028 3482
324 607
1035 257
1288 870
334 985
343 78
1068 387
785 421
770 289
305 640
652 276
350 616
460 544
1295 604
463 501
528 504
701 298
1256 257
577 652
292 983
1517 1069
465 649
463 698
541 704
430 1037
632 309
4112 561
553 868
330 438
302 1824
433 320
568 365
805 428
1221 300
1996 383
490 612
1630 765
535 1804
401 282
632 354
1177 41
471 531
1139 580
1398 322
411 1387
913 297
1191 50
1113 283
1426 2556
860 379
462 839
1312 303
1188 276
402 495
943 406
537 282
905 613
543 795
304 283
5167 1510
1529 1245
713 580
835 115
808 79
323 1056
292 1280
508 382
333 281
633 1602
549 453
1425 637
1261 969
399 410
729 649
2111 2457
662 1853
665 989
290 339
388 316
2151 395
326 2241
709 305
115 363
462 459
1122 531
693 347
463 449
484 287
307 572
439 818
1405 2315
258 606
490 289
2235 714
1517 79
586 1140
574 337
982 330
2575 297
325 599
703 1838
501 1258
1362 927
275 296
306 1492
305 1947
693 350
1024 531
313 295
4055 3063
2226 259
424 78
483 279
961 302
79 476
461 1091
70 476
917 356
307 79
295 509
268 289
650 270
337 394
557 334
1004 370
468 3310
2637 303
337 813
546 83
501 1171
269 407
865 428
379 339
325 922
1614 671
782 427
282 400
480 276
630 529
1139 523
1183 500
553 270
391 932
292 1912
324 2929
301 1746
382 589
431 767
636 331
582 1536
748 1015
281 600
586 1060
511 291
761 353
624 1396
912 2424
2289 111
281 786
366 50
769 110
436 393
576 3560
633 610
286 648
782 257
684 4410
1486 431
330 985
359 2374
727 279
307 429
258 1904
554 339
546 283
314 283
108 325
361 347
313 712
314 1063
1967 347
324 1551
1693 270
1546 380
305 503
306 872
431 423
334 1018
889 449
434 283
379 524
953 410
411 5200
382 2243
699 1905
1107 791
510 49
936 298
402 3144
374 427
655 1874
848 79
909 2417
1648 714
374 799
1708 428
79 520
1777 607
508 390
269 386
461 662
979 283
458 79
1615 363
2196 276
347 329
351 483
459 410
1543 5123
379 2253
343 1062
488 1011
385 2859
1003 3277
1079 454
330 1054
951 260
501 1960
1047 257
4648 590
729 259
306 1158
385 773
431 1239
2067 283
1486 393
457 558
994 4153
391 350
326 745
467 3535
391 465
49 1196
306 83
885 370
342 546
1336 1760
433 2432
2089 282
301 609
597 538
489 294
1784 420
260 1257
381 256
40 403
724 564
2332 365
2124 756
466 297
304 83
590 4017
336 528
861 337
1148 432
566 837
419 1746
386 2117
436 732
1125 115
3834 290
1125 111
443 945
485 1828
4170 324
330 721
277 531
1024 572
296 1123
369 307
391 475
586 481
437 329
256 931
1129 712
473 2957
382 403
3198 454
367 683
582 3489
1361 259
78 320
479 395
452 393
1289 322
1315 337
83 844
1995 295
569 477
1173 756
820 530
1909 2069
496 444
851 257
1299 536
386 932
3922 680
554 415
267 398
1299 626
258 1449
1245 529
305 1323
299 397
281 1963
535 931
380 262
987 1556
593 823
301 3554
1469 45
806 855
361 303
801 395
279 492
951 405
274 310
323 363
50 115
356 854
1086 441
672 2555
469 1039
330 905
264 283
1658 405
389 922
264 322
269 3191
381 451
914 427
51 262
1562 653
906 304
79 804
802 1908
2090 767
387 636
1715 714
3192 1151
294 476
991 823
553 302
258 471
466 1843
337 399
815 260
849 378
330 487
599 496
356 3185
1256 1429
1141 79
387 407
668 3148
49 326
842 2498
631 290
373 1387
474 295
313 592
353 473
658 977
913 497
439 434
399 1051
2171 531
501 2005
398 879
556 309
356 719
642 363
334 721
777 437
403 347
454 1020
681 347
1344 41
667 435
414 3743
295 1387
378 903
421 923
305 2968
906 453
600 110
2332 331
535 268
517 418
3390 92
2172 768
488 1584
376 617
390 431
482 580
295 1381
256 260
336 518
645 301
1417 50
290 459
660 1694
388 1883
708 287
298 698
1885 577
2422 375
466 344
952 677
462 415
943 2888
260 1221
780 257
4428 1605
525 406
2141 791
1114 298
440 295
649 344
2387 353
1315 297
2074 552
264 588
1453 432
770 79
2904 571
473 2432
83 5965
632 473
550 343
344 456
323 1099
1535 67
653 653
1036 79
435 1222
451 301
1293 579
2757 49
390 837
1928 277
907 40
323 418
2463 1593
1408 450
646 338
374 794
436 1032
1251 380
674 320
1004 609
443 798
5633 1284
307 433
330 1053
1189 262
964 52
470 283
79 444
680 352
429 302
4316 79
343 257
951 619
1119 486
1113 344
433 2957
898 282
430 304
4181 1008
663 453
623 1098
1104 428
2850 2802
454 833
326 282
596 739
740 1579
283 726
491 617
2097 648
491 1039
3673 349
638 998
2943 635
557 361
366 301
553 499
553 343
1495 307
1565 1010
574 348
586 1415
554 1714
778 2017
663 287
650 381
344 975
347 1018
515 1419
2185 804
1040 412
459 3134
342 498
35 279
996 309
855 380
334 487
334 581
436 382
329 456
450 50
6145 340
283 344
368 1032
386 409
323 472
982 334
305 1289
302 279
436 1037
1810 331
1003 406
2422 752
306 407
424 331
111 415
1498 258
268 973
267 573
776 1039
385 771
754 287
390 589
662 3712
713 424
362 421
433 361
289 362
700 331
528 410
78 324
35 1671
754 270
3897 928
762 509
1303 298
554 459
1326 303
554 363
367 329
325 1490
501 45
995 613
808 288
1834 1160
423 282
374 709
1599 652
340 2429
1057 1104
1075 283
1004 476
516 465
557 314
2598 585
516 410
426 331
306 337
896 704
508 325
277 607
538 465
511 452
1470 804
723 424
258 566
484 1968
401 559
623 882
264 415
703 1195
3105 910
914 337
385 616
549 366
1234 403
742 399
1954 384
522 1117
389 523
258 394
562 326
656 344
914 410
373 304
676 370
947 427
1668 405
78 2138
352 260
1797 1691
439 839
382 480
435 1393
646 320
2146 857
1723 111
376 963
292 2169
597 449
342 2901
436 487
2934 571
403 767
1995 499
323 1108
405 2737
258 259
40 110
876 79
3892 401
953 83
53 67
1000 282
505 282
632 330
440 279
297 654
350 546
347 1054
348 347
308 427
1430 331
864 331
2422 261
670 2771
40 396
929 378
258 341
1105 316
350 350
567 499
1091 870
1085 78
390 2243
517 931
421 279
680 92
520 329
866 370
2163 348
574 606
711 257
480 338
3039 451
558 334
1096 1462
334 1054
1844 420
508 489
1352 334
1467 1706
297 297
332 916
2681 1247
388 514
551 486
1096 1464
47 258
628 282
283 461
50 878
403 284
934 384
1535 331
652 4235
1339 1175
365 368
1470 790
1796 332
2034 900
663 989
342 2592
548 1329
3025 428
518 1616
270 348
379 1298
884 79
650 295
509 2214
471 571
297 483
1062 302
524 45
374 1738
673 341
581 111
1580 331
661 390
1390 110
1044 294
436 1694
1867 361
453 362
78 465
783 366
323 268
680 47
306 704
760 41
293 398
468 1149
761 257
701 257
270 1905
488 291
1036 283
526 1442
483 382
1129 796
324 505
270 606
1364 328
363 825
3019 67
2501 1556
966 852
4764 258
337 386
473 410
304 339
3252 428
587 444
325 316
1479 380
385 378
442 394
690 376
264 1455
271 318
492 452
867 50
268 1230
2381 833
618 859
392 2462
352 309
460 44
2975 2802
391 514
488 110
1728 345
389 283
1133 283
431 4058
544 1699
2326 603
515 78
428 420
269 496
387 972
619 302
759 449
430 410
1507 425
2328 1235
646 341
558 1013
782 262
1678 765
1334 603
267 491
892 921
1357 2401
307 1017
510 779
302 394
507 303
264 1076
466 426
1467 111
575 1008
518 410
2733 3938
279 1537
470 79
848 257
686 326
2328 800
393 520
79 790
482 50
467 287
1427 738
339 2522
1490 568
395 691
533 1440
1670 307
260 1120
433 1369
410 290
776 636
2716 895
281 988
4125 969
273 1199
720 609
816 924
575 1836
325 498
665 453
324 894
987 1209
258 1447
2023 3099
387 771
516 343
522 684
914 83
555 279
2660 303
882 449
344 452
869 1831
710 3610
1224 370
706 353
660 390
298 1032
511 1605
361 350
1180 284
534 480
523 739
292 1475
1657 363
806 356
1308 359
747 366
518 1494
372 1212
1199 257
853 362
325 424
281 397
693 470
1072 347
2109 287
889 379
334 1053
383 83
306 269
332 1676
2050 304
1198 399
1967 350
981 790
115 415
891 256
473 320
891 2813
627 621
846 303
469 283
547 596
264 79
369 969
641 294
412 529
2518 467
433 928
1348 745
1666 448
1358 2100
348 520
2080 399
334 1010
650 2968
2046 1829
522 1329
467 1084
586 1263
334 1623
330 1283
2189 354
2503 363
574 291
281 2213
1231 302
4738 2816
1658 111
572 257
273 310
4782 1134
3901 277
522 610
1619 303
760 2084
385 307
655 610
382 431
1505 111
1292 426
2558 320
2569 256
308 288
269 637
479 111
304 344
1184 341
306 705
3940 378
387 616
458 1698
1780 50
759 529
292 799
742 386
421 529
450 509
663 481
1101 257
411 453
574 2168
307 712
1473 395
298 584
330 801
2556 467
498 587
616 489
1373 283
412 698
313 1469
4158 6253
348 489
279 51
264 1721
1591 283
2740 384
1438 279
1772 679
391 330
449 465
270 974
281 1602
705 718
1090 2193
281 373
333 1067
399 1194
378 1825
1308 287
40 587
518 40
430 330
550 410
611 303
1003 1117
523 519
547 415
615 502
746 980
1670 419
1781 370
1309 300
3229 467
523 331
329 344
608 1197
506 877
421 736
325 3660
1284 303
998 257
624 363
740 111
336 390
419 1887
277 811
262 369
281 2492
333 499
289 419
379 359
2982 281
329 767
2786 258
627 289
1729 303
874 646
334 841
3895 680
78 482
753 67
379 365
41 331
870 437
579 332
268 470
518 1976
1199 762
515 801
552 50
283 482
433 2243
268 625
433 282
385 636
1082 41
638 674
277 743
460 722
316 1043
793 369
330 1623
1297 496
781 2308
1541 757
1683 540
369 499
385 407
1130 115
404 468
2857 308
635 520
581 269
615 440
344 468
2602 382
293 314
355 483
511 433
576 366
1196 445
369 425
300 667
78 52
558 330
273 1442
541 357
1944 6565
647 851
1982 3455
553 610
3607 774
1840 354
733 405
723 426
334 794
298 501
759 538
316 1374
347 470
2225 349
491 337
1653 401
325 1710
402 260
1172 417
41 111
392 4283
462 339
1914 282
1330 504
49 480
458 523
659 257
642 635
566 1186
1231 300
395 348
399 1273
567 1144
509 734
770 338
968 751
320 477
367 1576
422 601
1225 281
274 1199
875 331
754 453
343 407
411 314
431 636
600 1547
367 854
5202 613
323 1351
53 358
304 1071
1161 383
365 520
1371 457
550 316
1146 331
699 1321
390 1274
344 487
277 1403
658 3364
2173 287
431 426
362 488
1353 1696
1957 538
561 486
684 111
281 1234
356 1350
349 437
385 972
264 1067
264 300
663 1415
872 844
1432 432
658 1250
776 67
292 1005
115 977
430 1096
501 79
1384 1456
290 596
270 3137
1170 302
304 1506
2171 384
50 834
1954 264
3300 328
3183 862
295 437
325 841
52 416
517 977
558 2195
574 297
382 2194
301 476
5672 324
385 1022
1635 428
3769 343
350 1078
2014 577
1398 2715
3206 1496
716 1195
1394 412
385 424
564 1237
1424 1728
2347 257
533 445
494 680
394 350
615 283
1048 1499
1270 256
633 980
292 468
631 321
1515 545
51 1364
880 302
999 258
558 455
83 489
1726 83
2634 588
517 332
808 427
83 3703
330 1419
2310 2687
1915 407
437 316
1802 67
83 300
334 1283
415 394
1719 2062
816 495
325 487
1012 516
557 1975
279 1392
321 302
720 476
411 1890
403 428
115 529
1997 282
510 698
1204 359
857 257
267 3193
541 303
990 718
723 902
1667 269
457 259
115 467
414 3144
711 298
795 41
501 978
4889 1362
2219 390
1750 1464
630 538
434 444
666 257
431 407
333 1532
543 1056
608 759
305 1963
607 302
514 902
360 1193
395 3405
297 444
307 452
269 303
78 338
4932 1804
475 337
306 546
483 818
388 932
566 504
404 1237
892 619
683 773
2780 652
2038 115
576 405
313 1140
257 443
2307 49
812 1080
458 580
615 603
313 499
1028 324
484 295
657 295
1925 358
259 270
2964 768
334 1264
1008 1510
1217 644
1750 1462
277 734
340 425
78 387
456 314
4127 1436
556 2762
827 359
430 347
449 297
258 381
1129 592
295 281
415 316
385 498
1077 5860
1766 269
600 916
667 472
587 628
405 2747
660 336
1743 387
1961 1287
550 468
296 495
681 350
343 300
3039 493
1241 3495
806 437
1959 362
655 270
2673 1465
489 662
789 302
516 40
348 436
520 465
4139 258
541 79
5294 541
305 3408
725 309
586 1250
996 326
1280 79
510 782
435 1045
846 283
70 536
264 493
1439 652
861 1120
731 283
585 609
709 392
650 4929
305 2431
918 472
3249 1162
294 455
83 815
841 399
83 475
264 454
431 523
1297 983
788 435
402 3743
528 470
2071 300
641 321
393 996
258 264
391 1976
585 476
258 427
470 426
822 960
4460 784
304 2190
468 507
650 944
528 837
665 324
750 45
1048 3839
419 2241
2554 473
1878 297
1756 604
333 971
3671 269
1730 268
940 324
78 386
296 2678
288 268
258 403
628 297
1090 115
725 641
1089 4516
316 2841
404 473
642 309
1202 878
323 1534
49 464
1201 441
496 432
901 1396
301 5335
2013 386
765 307
577 78
2395 2055
911 646
40 1994
115 459
412 538
309 298
304 946
388 304
1024 264
367 845
356 845
305 944
4404 452
708 270
492 899
481 545
305 342
494 993
350 347
380 721
299 2406
2530 384
79 382
432 304
2073 370
52 45
583 904
269 606
339 303
1839 332
281 1076
289 304
430 382
2163 383
363 722
5288 2214
337 330
379 594
1343 281
324 471
367 1186
368 589
785 428
415 410
2301 1205
1584 257
1292 41
1238 303
672 334
367 930
382 382
297 2020
923 376
1678 738
848 302
2918 767
896 357
1190 870
901 2496
1238 566
473 282
304 451
330 794
1286 256
465 5176
401 1212
1797 405
1677 545
673 283
955 911
779 339
535 40
1644 497
289 290
308 294
386 1818
742 260
344 682
421 1316
2599 282
6270 1246
7092 6367
1281 1208
4256 671
434 78
277 257
1781 609
2046 518
3172 269
1367 1055
604 592
314 580
395 326
325 616
1239 706
78 485
546 79
1630 762
1839 2429
267 332
817 2062
2465 356
557 448
461 1272
2310 946
1614 310
387 378
347 956
567 977
655 1271
727 403
83 470
595 337
734 697
554 258
967 356
350 615
456 627
706 2675
1241 4625
487 401
295 295
473 465
299 855
4640 343
478 423
1131 4062
693 1523
325 1166
268 526
568 739
741 941
688 349
415 686
297 520
301 361
346 1136
1187 909
491 963
611 983
295 459
3001 691
431 1998
557 360
4611 349
422 389
390 410
395 440
1203 257
777 449
657 4649
964 619
3487 115
1499 41
2442 995
1823 643
296 829
379 511
352 621
327 309
67 614
460 872
1115 2337
384 712
601 262
51 1242
976 294
479 820
2648 1175
363 544
803 4134
277 437
490 2816
385 435
307 505
325 361
390 334
2899 2741
350 1018
632 938
526 619
2710 571
625 47
3413 40
601 1556
1368 395
412 750
3706 688
501 540
41 383
2833 279
270 447
1241 282
1600 804
3657 301
2171 579
1286 358
858 300
550 1750
260 1503
2395 40
2465 538
672 1795
83 1539
302 1132
301 1887
723 444
467 969
1295 1857
2131 612
2108 1257
51 7093
827 921
1376 260
295 855
2523 600
340 447
1094 1482
748 1534
5004 1030
271 325
334 1451
1491 609
350 599
306 591
552 258
547 459
4719 2511
463 1418
1511 843
316 2986
396 260
1584 67
658 2372
847 1259
1459 531
799 718
783 820
264 1896
373 275
1241 300
4178 646
412 766
296 310
939 651
810 348
257 328
917 851
660 1759
301 480
953 427
1204 499
575 1017
3266 281
463 323
2153 1210
329 257
421 420
705 303
494 4799
386 297
618 756
693 475
1049 331
1983 303
897 110
367 730
44 83
865 1206
414 260
431 6212
4152 688
923 374
262 283
502 1460
433 823
770 276
314 902
1945 486
70 609
691 449
795 257
663 592
541 1097
2289 592
729 5857
1491 476
463 584
663 1092
732 4326
391 304
666 268
2581 644
650 425
367 812
754 1160
4009 41
494 111
519 307
686 294
387 745
858 282
350 394
1169 326
440 611
929 304
2074 276
325 440
459 3113
267 5032
1421 358
300 583
2564 1948
480 426
743 739
854 283
4127 1380
1841 370
468 393
347 394
1048 295
2249 1193
564 538
1248 407
700 111
554 960
260 2078
390 1229
333 763
866 609
550 487
685 1265
4089 419
50 258
1125 295
324 453
413 110
354 362
491 297
386 462
1173 639
267 1183
1933 78
376 1440
1344 644
677 659
582 1579
1518 3075
777 529
1182 767
908 772
1656 79
373 509
337 436
44 329
2256 1019
604 302
1167 648
1207 283
550 470
458 416
1624 435
528 468
2628 680
2165 545
1353 3059
516 1976
6078 447
896 1194
350 705
343 111
1757 679
430 534
634 2118
50 2345
395 298
656 410
560 843
2882 269
282 306
473 823
2043 429
330 1264
292 1254
1045 435
1923 502
453 298
634 370
461 294
344 477
2720 551
754 1926
958 752
268 383
456 418
1285 302
347 347
2402 297
1069 449
411 573
760 4900
4532 2669
80 262
51 332
399 498
929 862
466 78
277 545
561 428
296 354
1024 545
1810 365
1125 852
798 302
880 382
347 360
851 282
467 270
1088 696
2397 900
816 1050
267 275
727 433
711 2583
323 622
2071 282
1599 757
1122 791
2047 520
1064 2337
324 3318
571 384
801 4093
430 2928
484 359
676 361
509 366
4451 454
705 283
528 2790
297 356
534 329
518 2615
749 270
706 50
2262 300
2820 279
952 301
682 497
356 552
1063 331
390 4399
277 281
557 621
896 1097
334 1374
919 283
501 1194
78 636
287 261
330 1617
896 1066
606 257
300 1014
306 1449
1544 320
713 426
308 79
2947 257
641 290
2569 277
436 470
2976 911
575 110
435 1153
260 798
1279 579
1731 897
2006 79
290 465
1365 303
78 1334
1524 301
1558 931
4289 757
651 79
79 486
99 54
324 2200
674 476
323 1089
334 1419
708 2224
3248 300
415 649
861 946
1352 79
1256 1456
281 2377
574 257
501 1477
363 290
597 323
1726 1149
1541 862
386 480
911 1746
2292 1620
403 3263
1649 331
264 1428
975 2055
334 905
428 569
1047 298
2559 300
3897 823
701 2583
582 3578
4691 852
966 1471
7532 974
1860 1284
273 1666
543 3318
3128 1215
390 628
582 332
676 476
264 1789
2379 2541
281 520
376 1039
899 362
906 576
256 52
802 703
517 295
1032 347
1589 1838
603 282
1198 386
728 697
1885 867
4789 1162
2527 365
2023 4790
333 381
325 1405
344 587
458 744
3259 334
543 1284
260 603
3289 1381
511 468
397 3858
368 1037
460 978
391 410
504 1822
910 415
601 590
1757 260
514 283
354 500
2735 897
1322 300
1612 268
1279 1838
1715 279
1046 356
981 279
657 282
421 568
456 737
340 313
597 698
348 761
83 437
533 438
281 368
624 954
1280 1196
770 5233
390 1009
381 3522
1001 449
51 2812
474 111
283 1114
78 304
3751 277
1148 2668
875 363
326 2671
396 268
498 629
393 420
287 2078
920 338
602 455
1278 529
1961 386
469 259
1127 303
553 2741
3217 432
1021 270
305 875
717 279
2098 300
1106 530
287 1208
1293 531
292 1555
394 347
964 332
392 673
289 3260
337 334
325 772
283 304
430 393
620 339
325 576
2725 577
316 618
281 83
1611 279
324 697
432 796
4009 320
331 465
676 609
4557 79
440 531
1386 279
329 1078
716 264
50 343
452 646
468 646
415 344
448 477
444 939
952 302
363 410
528 532
1414 49
1352 330
575 855
329 338
507 424
382 1287
917 690
1279 572
1088 380
863 1447
562 621
1619 441
1574 2323
431 320
439 904
430 477
715 1388
1430 258
385 83
906 1771
674 609
501 1066
79 786
350 329
459 344
737 1071
4618 897
275 947
3390 47
733 310
907 573
347 409
6842 1465
1342 2567
574 473
961 472
79 385
268 258
326 284
262 1771
2450 295
568 115
549 499
1072 350
441 570
2096 637
695 344
378 1350
528 487
289 798
50 358
270 2700
277 1532
853 924
308 477
314 1137
1733 282
727 473
461 1016
1086 348
294 832
861 410
890 772
2244 359
3369 269
295 1284
535 2017
110 339
79 387
595 1555
483 415
342 1912
1144 353
2710 995
368 654
668 558
626 344
49 692
558 722
115 538
382 609
343 538
812 344
642 50
2558 276
4289 751
2054 365
269 466
1032 790
5023 111
891 358
2680 640
3119 878
452 3310
566 542
2489 405
760 1877
1414 300
388 347
490 735
326 3235
2025 433
4904 78
330 1506
494 289
2935 295
514 798
3580 281
316 933
381 291
2415 1934
475 1392
940 2420
397 282
663 677
301 7043
489 552
83 303
2564 3698
383 283
792 520
3713 1130
469 407
2515 306
1122 572
1276 281
2310 2337
1459 579
457 1465
40 1137
1728 745
1121 2220
6324 1536
892 301
486 649
78 61
52 289
111 459
1225 356
435 1751
301 403
653 530
269 399
402 2669
499 332
596 1186
1508 453
1972 437
511 2168
682 2468
2373 1759
1889 5438
340 571
642 634
1280 1149
713 444
535 6029
575 298
691 896
300 439
759 367
1070 2378
1199 765
334 632
827 2741
1121 288
1484 405
710 578
623 1162
866 476
352 3556
562 2762
3047 331
906 1390
305 3244
296 607
44 2779
554 434
378 2746
296 505
1689 111
1932 531
2013 399
430 470
299 1930
938 279
1529 1193
1299 722
1833 79
477 452
307 829
582 1015
1731 900
1012 518
7081 2143
536 427
994 4449
1238 441
329 276
882 800
51 927
4251 403
703 1220
638 258
281 297
1268 295
3141 283
2559 282
324 467
893 291
689 496
869 257
500 354
729 3016
1247 622
1038 344
1367 496
3713 2457
313 708
813 303
1775 572
307 468
907 359
281 359
382 837
79 348
379 295
2933 3771
599 303
363 338
305 1084
300 561
835 712
892 1895
283 828
287 552
2153 437
360 581
534 504
306 396
350 475
656 1343
329 428
337 1442
2680 3004
458 337
723 580
344 939
292 1832
2730 40
1123 909
277 738
430 976
435 1310
40 2765
1485 332
430 1694
1462 1071
275 5780
2072 399
1254 283
3936 40
759 698
991 320
467 2079
1514 67
700 1705
316 432
987 2434
324 868
316 961
329 790
591 480
647 1301
490 2475
502 589
574 329
484 1609
316 675
3681 1370
329 329
721 1132
275 314
623 50
7751 40
1005 378
330 1127
1077 295
2738 365
461 257
306 1477
1424 600
49 908
693 973
368 431
555 763
399 932
683 807
3325 277
1518 405
657 373
433 478
933 365
1107 310
306 978
50 1196
364 7600
1940 329
350 403
1992 407
1409 454
6541 758
303 763
5159 3014
323 883
775 420
501 78
1302 79
652 338
1003 640
304 329
2802 3561
2338 282
891 3578
791 530
2394 2687
553 467
827 366
679 935
853 495
594 350
1122 545
2308 499
555 347
2014 52
850 887
780 262
1357 3495
2039 111
810 257
1382 2211
2827 282
305 1691
326 410
648 648
2297 3339
672 1202
271 546
279 577
3327 384
316 2667
1921 282
465 492
274 1442
2171 1157
324 425
549 3825
2894 577
764 472
390 3779
1408 535
370 489
501 261
353 475
1401 437
325 50
390 551
270 950
1086 303
1397 855
1322 302
334 709
410 656
608 2674
5384 1593
1436 302
2324 588
352 1317
1952 300
83 1200
440 349
1059 651
1427 762
516 1883
305 575
482 874
1982 974
735 5241
1012 79
744 332
343 1980
1453 410
1007 396
281 270
261 257
256 268
581 295
611 476
1620 606
710 941
859 288
1469 110
440 365
1096 1313
470 337
1294 579
301 455
2319 2541
3706 500
290 1143
452 283
3866 573
442 1633
411 40
1892 757
4424 6172
374 348
2728 384
689 350
3295 331
808 294
2180 559
334 1071
667 459
847 308
305 5402
555 350
418 634
659 262
342 3452
501 1662
372 609
336 1970
3008 3406
379 508
302 361
5137 4219
550 837
3939 6273
404 698
3537 1381
1551 1011
1809 4481
398 2765
1182 1019
458 972
528 475
6735 4176
623 843
382 1009
1083 115
1300 340
591 387
962 260
403 282
2236 282
307 1634
616 686
353 343
382 476
880 739
336 713
1123 349
305 1320
718 1707
1031 916
731 878
382 5181
864 111
386 403
890 1065
1122 579
83 862
475 426
2110 6759
1924 300
316 4257
7433 1331
484 1789
332 600
1261 3522
281 383
805 882
817 331
962 310
620 415
368 2194
1207 79
1355 448
458 1710
2034 995
469 1395
671 2263
489 1091
333 2152
324 875
730 303
3008 256
260 1219
1281 1000
1273 420
742 354
627 627
337 470
296 944
295 428
466 79
264 459
1591 344
1106 998
853 1050
688 607
480 644
3053 257
1549 635
629 444
439 508
668 3421
83 2444
469 79
629 629
2716 1176
3640 1151
274 1666
568 530
379 1354
899 257
2835 258
79 399
50 970
693 1606
1046 690
562 4689
436 534
347 403
392 1060
797 303
2025 2651
509 1465
452 83
386 1051
1134 643
2301 276
547 434
7180 301
304 537
362 837
754 3236
6194 1162
815 940
701 347
385 745
356 591
267 548
381 969
343 259
78 399
2297 258
3715 282
50 1461
662 1368
313 1465
660 637
1150 424
316 628
1023 412
948 481
301 297
49 1904
1840 40
415 427
1394 421
3266 3983
283 520
1224 609
392 4554
2673 358
83 468
1114 353
283 1681
40 588
1121 772
378 587
412 339
1022 257
951 111
6061 416
430 475
387 83
325 1276
3684 429
4419 607
1757 448
277 577
749 395
482 632
601 580
443 773
711 294
2494 258
302 83
2446 2860
435 477
915 257
655 921
1131 1766
634 297
551 577
713 262
1775 579
1636 454
3571 900
809 341
390 1192
2167 441
529 297
2072 1287
450 1268
3077 851
4570 304
572 637
391 1037
3217 864
2721 577
277 526
430 786
475 79
1021 2922
419 289
1366 282
264 4958
600 849
61 343
741 1527
4795 307
880 386
340 1687
6711 277
4673 785
1885 765
340 505
1925 256
51 303
2063 258
323 40
387 555
360 432
267 1261
371 370
519 281
1303 353
602 626
2564 383
665 499
461 1872
1085 303
463 541
299 1666
584 676
362 260
2215 41
376 259
633 934
394 483
2613 300
547 339
981 804
436 976
777 367
473 737
1279 531
1098 622
468 83
310 1112
2109 359
390 1287
976 321
642 40
1041 828
1371 447
2386 833
501 3089
391 487
3545 855
314 407
617 302
528 911
742 1975
560 1327
313 471
326 1259
1726 3227
430 1026
801 610
307 600
384 530
482 972
556 4689
432 530
738 437
350 956
462 904
323 1116
2723 405
501 1461
479 359
1961 1274
400 279
713 902
479 934
290 515
706 1869
313 833
348 804
575 1220
6799 333
304 1230
49 573
381 6489
1021 1906
304 732
1674 401
467 4935
385 1166
2516 341
432 980
292 763
681 496
298 541
4025 468
299 691
1101 739
6048 40
836 6556
287 2323
1917 79
748 795
492 3729
2366 289
6185 613
411 295
1154 1388
748 1073
73 823
788 472
725 631
1118 428
1635 412
1211 344
492 496
1293 545
309 928
323 1155
1473 331
1113 451
928 692
110 260
638 954
1156 417
415 329
679 41
483 596
421 554
399 4367
519 420
3507 5311
737 2344
808 257
2410 111
557 401
334 1127
727 451
339 726
1670 51
920 289
1019 326
301 626
478 1506
306 616
647 1167
401 1136
533 537
550 3766
369 305
695 1214
865 454
260 933
2172 40
334 1085
304 515
292 1061
663 1557
1880 283
1472 78
1312 337
385 432
594 1831
2581 276
432 592
748 635
2185 790
657 256
3735 426
999 998
326 2939
3286 1857
640 855
290 1422
3775 910
1036 1214
4177 429
632 470
50 848
1600 790
1018 257
374 1475
478 259
293 4636
433 410
1183 257
623 1049
2809 314
816 354
111 256
534 542
374 1305
1787 110
913 992
518 1883
707 331
4779 279
3979 697
2404 437
655 619
384 295
441 620
376 329
2711 298
547 839
303 282
347 1078
3333 855
966 313
422 463
325 1001
387 1166
500 260
561 281
279 410
1772 268
1247 399
785 843
2721 52
1030 282
304 403
473 1369
6161 1436
356 401
407 331
1107 1170
382 2466
359 1019
3608 111
633 1060
558 320
115 833
3335 1890
827 989
499 1533
1870 282
756 1103
701 350
388 465
870 379
343 1640
390 5221
516 2615
530 724
281 2076
316 3055
450 753
383 477
304 849
860 356
770 4235
1515 531
52 270
999 970
1015 370
925 652
1075 337
731 1112
382 5694
809 628
1123 406
439 1176
3986 1169
1291 632
307 1067
1200 441
741 627
1362 110
572 79
2394 2337
658 1483
306 788
615 632
83 828
262 110
3874 257
458 344
3290 577
524 1066
467 535
382 3102
1569 270
325 884
52 823
399 1818
2598 1176
981 348
534 2385
516 262
1709 1001
640 326
3895 735
662 3459
586 395
2189 332
302 590
439 596
2102 282
3640 680
391 401
350 1054
2890 571
421 886
332 264
396 656
733 622
1489 1193
403 2547
2947 45
3989 111
2653 373
264 267
812 78
314 523
889 356
325 336
501 464
718 1343
390 370
1081 279
3228 745
1384 1429
387 432
390 819
1196 432
520 297
4658 426
300 593
549 1263
316 2305
4045 428
338 302
49 551
3797 307
5963 750
760 814
332 1230
1430 363
1864 380
575 1157
436 1096
908 1065
926 857
300 279
438 78
382 334
366 412
1572 295
4465 677
1574 767
1362 687
736 459
861 1030
1315 344
2772 297
1139 707
302 1977
2646 307
535 868
751 79
623 1244
907 270
298 779
943 2378
1115 2687
368 480
269 468
864 977
816 362
2101 938
666 49
1327 111
1426 927
400 761
289 621
83 382
422 2601
649 79
979 438
289 399
386 3591
292 445
387 945
1515 579
829 302
770 341
2221 262
1519 370
1060 366
264 808
773 378
1083 3776
267 600
6732 852
5145 276
967 437
633 1140
412 991
1281 1147
390 478
279 440
507 426
392 349
556 578
357 370
2982 420
269 3950
292 629
1016 1022
301 360
79 775
821 457
575 1195
483 339
557 385
554 515
958 1013
269 757
759 437
433 465
40 1055
929 1103
401 283
4667 50
789 308
543 881
350 400
83 681
1743 385
1027 995
2260 2434
619 1329
910 339
3473 300
488 454
1080 348
343 584
3190 1205
1021 295
373 1243
717 2176
778 260
1643 394
490 3556
313 1076
346 308
710 1921
718 344
1437 407
912 332
348 430
1058 376
1418 520
911 1887
635 1524
669 794
511 606
525 366
4973 652
809 552
511 337
1622 386
1239 1109
264 5668
304 269
3132 2248
260 618
997 931
801 270
296 1048
2072 1274
336 723
268 467
693 804
1004 540
293 3740
1138 477
326 297
485 2239
5943 336
2007 531
1161 374
401 1259
353 1360
362 297
717 496
732 3544
279 426
347 559
410 3066
382 5464
1146 115
264 1852
1299 872
479 381
344 1663
1909 697
353 470
1688 297
439 521
951 395
1291 4238
422 1647
662 2254
2435 603
3608 405
456 610
693 790
715 998
2532 688
294 626
372 1259
399 1149
1598 331
4499 5371
555 290
1973 3475
1083 503
1573 386
586 2919
1491 536
283 283
1880 344
313 611
459 487
556 621
260 1209
306 1194
366 282
1641 111
581 384
2388 2114
329 297
307 1157
549 980
1169 887
79 609
1628 468
530 374
7346 287
3653 795
715 635
523 349
2499 743
522 260
3612 882
615 404
292 721
2394 1120
706 925
489 1700
913 3233
2107 922
573 257
913 79
1660 281
857 110
1092 341
489 404
51 370
4710 554
1357 4625
971 282
1104 421
289 354
708 2193
839 620
663 4199
1541 844
1636 428
5482 369
287 1000
940 791
1898 288
603 49
494 1149
2395 260
2479 897
1031 467
297 3868
1199 867
1006 6990
477 704
454 449
3667 1814
593 832
550 874
325 975
3969 855
339 1324
83 452
257 316
309 341
694 838
73 308
1116 5244
316 3054
429 1100
741 1921
926 49
1437 1218
307 1331
283 292
546 303
602 536
381 537
295 553
343 2211
316 1053
528 1750
49 925
500 40
638 881
574 1252
323 1029
458 1166
1022 282
467 2431
3770 284
654 1542
558 6724
296 340
859 79
264 378
51 752
679 898
3531 331
926 379
1189 972
1431 648
831 887
2646 412
689 347
3874 519
78 385
3802 1836
594 390
657 3149
83 399
324 115
1408 5845
1397 264
1385 427
296 1609
1187 395
3735 2323
298 782
380 846
2824 257
1092 767
297 568
596 1460
754 1117
2169 359
435 321
304 970
930 83
631 279
61 776
2442 571
670 738
2183 1721
298 1037
3108 320
4761 1162
435 401
444 659
3210 67
870 449
362 1244
1937 8726
289 440
548 268
2234 879
720 536
1642 3416
4470 279
728 435
1187 481
1096 1594
386 334
50 5930
708 499
509 811
815 619
550 2790
385 1631
292 1801
307 499
2632 689
777 50
381 3697
346 928
281 714
386 5287
1346 380
5355 824
421 1058
393 705
602 832
901 998
566 431
3340 910
482 1080
3335 256
975 3099
713 745
2537 1465
545 339
2214 435
1761 540
436 475
482 1166
1004 297
631 294
404 782
615 477
2599 300
79 350
655 287
951 332
1878 2220
1830 552
718 4196
391 2664
2619 115
555 298
468 441
2109 610
615 1698
481 572
907 314
304 307
854 303
988 384
810 326
414 4126
2215 338
1308 395
1779 277
816 2762
300 1227
4076 78
660 534
348 790
466 410
461 1778
968 2717
3163 577
568 78
50 1662
649 337
808 262
1044 290
398 1904
608 463
3369 383
292 1497
429 644
403 320
913 4449
484 1130
1597 300
402 4126
3122 301
482 1438
336 2425
322 750
302 78
390 330
2172 268
1824 399
325 378
489 1016
1535 257
531 1253
292 628
597 779
1012 4372
313 4869
556 314
550 475
339 3297
1154 2496
503 51
2310 1120
483 839
5542 1030
717 347
1123 503
492 269
551 383
1200 347
1741 739
859 427
667 1240
4255 3930
457 791
386 4997
306 965
2262 282
295 538
2063 753
306 427
4769 1205
4209 67
387 1063
378 1406
292 2317
686 1091
1597 302
1385 283
645 459
303 735
2312 412
581 279
440 607
995 568
489 347
1588 606
2177 477
356 51
564 554
5206 7241
524 372
297 686
1729 288
1677 579
841 449
586 980
769 111
1061 347
3190 603
1064 1022
435 813
673 1392
893 303
510 584
1135 1215
716 1220
2580 276
294 722
1005 794
281 1223
373 558
281 934
390 2946
631 298
1774 1101
460 1158
362 589
391 4675
642 795
292 973
411 2299
994 1009
655 1776
596 480
275 1253
6746 897
3593 412
382 1229
297 4131
1717 1734
661 534
2938 303
316 1553
1839 5583
891 3489
720 455
841 468
870 79
783 1060
524 420
3419 331
1141 83
526 2906
389 617
435 682
344 360
1202 322
1670 454
657 1067
733 363
3157 289
978 862
79 761
369 359
1045 302
1903 471
942 3013
418 471
1794 283
534 3238
1961 399
925 1040
1044 321
1154 634
1953 645
953 337
1797 369
1159 308
485 2816
809 675
1070 406
410 382
83 2290
3783 5453
510 1093
4634 2736
2394 946
361 535
544 79
613 697
4088 363
1207 1175
1029 387
507 401
7736 5458
1181 259
658 2736
749 989
542 279
966 3408
8320 367
9219 301
1217 262
52 61
2406 320
615 744
440 79
2410 332
1118 454
2025 452
449 329
633 110
316 5090
329 302
324 300
743 380
2713 49
1923 519
615 83
382 410
2515 1223
1380 637
1034 912
9241 471
4113 412
564 468
462 719
496 651
3730 363
287 972
1021 471
294 536
387 618
591 520
399 5287
1203 298
3853 993
815 921
1003 811
2411 423
325 889
827 1117
304 493
734 50
436 1646
748 50
1017 427
424 739
710 627
404 569
395 279
492 993
473 361
558 3239
49 680
334 1269
347 705
269 1318
2725 762
490 7058
4898 468
1178 396
706 394
620 818
511 983
376 956
647 356
277 2152
623 1165
885 476
402 398
726 2088
306 959
2072 386
3413 354
366 258
5678 301
399 403
382 297
9056 1242
671 568
1289 1011
279 361
567 3558
440 530
2807 92
949 288
6449 111
1394 454
2454 281
1361 269
5955 440
673 441
343 946
330 1451
3356 287
390 3102
290 982
559 111
999 974
1124 314
664 459
357 1212
828 347
281 344
2474 776
489 763
683 629
340 640
3315 83
511 1087
1156 61
50 309
706 662
742 443
999 363
432 397
386 1506
3992 592
586 989
839 825
710 1527
801 324
975 3739
1991 78
390 2466
496 1146
2348 428
270 973
835 363
479 988
1256 394
259 295
2517 1364
564 569
260 79
725 1975
394 656
330 709
3514 8662
323 916
762 277
2303 609
307 800
861 344
2494 960
751 303
2413 297
324 921
40 771
1224 476
344 400
558 544
667 301
4726 751
506 519
283 391
525 373
2890 277
1719 331
1875 807
928 70
379 876
1830 500
736 339
2487 282
379 530
616 257
6740 933
653 384
2286 282
344 368
306 1662
5838 524
3047 365
2711 326
706 4214
729 1325
1773 78
283 1564
950 6146
1471 3173
515 746
826 260
741 578
295 366
399 3591
435 486
994 992
287 1503
557 654
313 531
2225 1482
267 2326
1216 331
2463 4682
1358 4832
1257 279
422 984
940 333
925 2344
83 608
1183 362
775 1664
683 587
456 883
3267 452
842 3051
389 416
5033 3784
293 3155
1871 606
2489 1052
638 363
368 487
334 1193
1114 294
585 626
760 2573
549 673
306 709
641 298
382 1274
871 634
604 977
414 40
2735 571
779 459
893 78
391 334
814 428
306 423
460 1171
313 881
333 1325
1770 3661
729 2712
1560 110
40 1555
325 2476
4408 349
356 399
390 320
362 507
329 898
479 1076
3093 641
779 415
1121 2504
685 5351
449 316
927 467
333 526
554 808
666 292
298 9220
433 4279
601 424
329 284
430 1646
368 304
264 403
558 872
1697 350
529 465
385 1718
4310 349
915 878
305 5765
305 811
397 78
376 1475
440 332
1625 407
674 626
557 387
1575 453
511 1252
596 1596
732 3719
316 1414
347 946
1339 3365
1357 282
2160 931
316 1365
1001 379
624 881
1191 635
524 303
437 83
387 1718
386 1571
766 302
1569 989
78 458
440 712
388 2664
353 641
1198 260
1582 287
333 1144
569 649
987 424
1561 348
466 1686
456 50
376 83
1493 1699
390 5152
452 507
1328 1268
1892 79
484 471
1180 767
1006 295
436 2928
3409 393
304 1912
268 1031
432 386
2251 283
567 110
608 1139
910 459
83 1109
914 444
342 497
414 6498
369 331
83 3017
2541 745
353 281
436 410
422 1944
1224 1686
758 1687
2526 6240
469 257
281 393
497 282
827 295
327 1942
330 1228
1280 3227
1069 437
297 689
313 332
3644 328
2653 3380
828 350
342 394
1426 7203
2348 454
494 45
951 471
1261 852
396 40
387 590
342 4661
583 459
6825 1715
1098 447
5885 851
330 507
726 1283
385 2380
498 347
2530 545
730 427
389 410
4252 420
283 1435
1432 410
494 361
2597 282
441 1310
1367 279
1098 592
454 1111
604 110
304 378
436 1422
2189 260
4168 6581
399 347
636 739
1110 530
785 1049
390 5714
379 574
1584 110
719 292
952 363
928 420
520 316
1717 988
729 78
893 540
462 574
541 344
815 332
2108 1120
929 79
374 473
6986 635
668 3511
436 336
4600 800
1358 836
1224 290
430 3616
440 622
502 504
302 1059
2713 282
574 546
259 115
354 294
7558 4243
297 489
715 696
1923 316
2500 50
342 427
2933 527
2183 343
373 333
323 1268
432 954
731 438
324 3542
421 329
749 366
434 1608
283 956
691 323
1741 110
533 257
1739 4393
452 329
411 1734
385 945
277 572
899 500
49 6629
982 1975
854 344
481 954
601 1503
325 1872
846 474
1488 552
258 438
379 515
1375 413
3650 330
314 328
316 1349
2730 840
382 536
4549 492
260 688
597 782
685 1204
339 4442
1844 486
481 531
814 421
1067 282
1318 283
5511 635
2303 476
753 110
994 1102
3571 571
382 5221
534 701
3842 8953
306 498
489 350
468 410
279 765
943 373
431 935
1005 555
394 326
304 508
3281 4974
863 381
324 1621
363 1474
591 1290
3680 454
3163 765
627 260
1799 432
608 1913
4673 500
362 1425
901 696
481 881
666 682
1565 6032
483 386
347 799
403 2143
338 288
391 578
4888 395
1531 79
1211 316
2850 903
324 3377
4970 79
3444 6225
2249 5829
726 1451
304 839
270 963
301 9474
835 881
295 268
627 9223
667 895
357 1259
958 375
374 636
1513 279
44 318
382 4399
822 578
1993 379
2588 1193
518 514
574 378
4595 687
470 1392
376 1395
388 334
1427 765
1450 707
362 1327
5193 50
2523 1665
1181 344
325 1698
4195 115
1261 111
678 1271
675 78
543 260
1132 403
1041 681
522 295
5440 50
873 507
292 1002
1071 282
368 4558
472 294
443 848
1563 279
662 497
1297 606
564 698
2759 258
2805 1392
400 325
2956 287
415 717
2459 472
1162 437
473 298
468 399
433 639
40 417
6667 1439
298 1026
277 453
78 855
3634 2942
2381 1111
1649 1011
723 745
347 617
975 268
515 403
1714 2195
623 1191
378 955
473 2243
742 390
366 326
483 459
546 813
808 477
422 740
3377 671
323 1736
325 1065
387 1022
901 530
292 316
597 584
1309 302
1228 303
353 309
2725 738
382 3169
7834 974
803 9062
5375 4242
324 277
6451 4243
270 1994
407 115
333 2426
810 1095
4748 420
2633 432
301 536
299 1732
1757 268
386 498
616 374
531 434
444 566
543 954
595 1738
1683 70
716 1017
378 1914
749 1721
1679 79
827 8840
757 303
783 2922
630 698
292 1087
4613 111
283 3767
3412 551
313 2795
487 290
736 415
384 349
4827 538
1962 610
343 438
2654 282
461 2596
1443 579
50 744
884 283
1761 291
1697 347
576 7866
298 465
4946 399
268 399
1021 820
328 369
2467 302
389 79
4330 419
1884 776
1439 751
611 394
260 1283
262 498
853 49
347 959
964 1607
733 960
1545 111
502 646
304 412
381 445
1121 3298
456 359
411 989
1280 67
551 690
3757 257
522 349
477 337
297 1310
462 434
562 578
962 941
718 2629
356 812
901 2282
557 316
2881 290
716 791
1357 300
334 1365
2556 1048
258 2531
518 303
2422 1013
298 1210
51 375
2400 428
2894 762
542 350
3537 2886
1385 269
471 530
2148 1776
314 1257
2844 1700
507 302
347 400
5495 49
1693 359
889 529
611 455
433 2617
504 427
388 262
502 343
281 441
664 339
2283 553
452 993
2156 297
362 1364
1130 270
691 367
334 1506
382 675
609 260
841 281
444 1103
438 331
1294 531
462 515
361 2344
841 473
348 806
2723 260
259 380
525 395
2778 2182
764 301
292 1920
569 347
387 281
1770 618
1685 441
1311 257
726 1857
376 799
325 400
1101 110
115 449
1405 330
473 83
453 440
3215 349
987 7144
292 2067
83 1521
591 1746
773 303
386 659
1927 303
557 924
385 3974
574 433
306 486
487 370
2539 401
399 2219
1772 260
562 353
753 257
1367 297
951 295
4973 770
1382 1980
297 552
3420 577
1116 5853
1211 360
459 1476
3847 307
2231 2193
596 79
666 813
295 529
1106 696
2545 791
1938 291
1464 771
356 730
6905 1130
412 800
676 455
3181 829
1561 560
4663 588
436 385
1604 300
1579 451
1330 507
258 1051
951 359
1399 2323
4214 4326
1142 898
350 559
661 1759
525 457
288 294
647 1625
1057 1275
1239 1187
297 391
50 3771
299 670
2394 3999
369 734
1025 1112
464 338
949 420
906 708
368 330
292 1791
295 324
1929 378
886 415
395 1325
695 297
4854 387
511 297
528 350
1042 435
2247 302
463 780
279 772
396 813
344 629
748 363
410 350
382 1037
432 1250
599 388
344 534
1333 2424
292 1314
306 956
1773 337
298 1418
716 1157
1630 867
378 629
1677 531
2520 3167
1684 290
668 9247
655 2760
555 321
297 466
2718 283
5842 78
3427 1066
827 3624
643 386
296 883
975 301
466 371
287 1355
1598 384
574 79
1417 529
1648 4498
810 1016
549 1144
379 677
967 529
8007 297
307 373
616 761
955 361
7760 490
1581 303
469 1790
1706 366
3311 297
864 970
885 536
316 2271
277 5583
467 564
1198 390
1473 635
295 415
293 1969
353 385
404 780
685 2501
385 798
773 269
1547 284
558 44
83 836
79 428
1783 1245
889 538
2690 454
330 407
1297 407
1683 692
1478 49
1033 651
4185 269
363 872
1073 441
316 3691
1409 428
754 3448
936 427
586 820
376 1688
2702 281
292 8404
473 4279
1164 425
5038 974
368 334
44 546
518 343
1164 9555
1795 341
4014 472
575 800
1064 1120
9829 403
4550 264
2738 380
306 394
1180 2118
479 4694
3016 269
5788 258
1375 1117
517 3625
2090 424
1129 1483
594 681
948 4020
720 40
1795 767
484 3456
2231 457
615 403
702 110
410 385
2869 384
3796 300
298 6255
871 635
374 1832
325 369
491 5966
409 370
1717 349
391 403
468 498
462 594
1338 612
460 965
421 910
464 823
343 474
281 561
1447 282
4201 41
277 5100
281 820
2141 1170
492 3742
385 3262
3501 269
991 338
1335 79
482 83
904 2005
863 453
436 1026
1731 2134
40 507
1042 472
466 320
510 569
741 3610
1650 298
1467 110
586 2377
430 385
1302 1175
576 3686
588 283
873 2840
595 636
293 621
525 115
480 639
1426 3380
381 78
499 290
350 946
1318 269
1635 421
392 3449
1118 1389
4521 395
726 1690
1128 600
61 973
700 970
483 1186
397 352
2280 41
515 966
436 786
458 599
388 1037
684 295
2136 300
1635 454
1990 855
344 746
882 584
894 295
1713 843
387 2380
1189 410
1335 592
1421 256
386 2036
936 2524
2569 110
1554 40
386 583
3177 433
909 51
262 681
3206 993
275 4794
641 279
1772 448
3634 328
49 486
306 1378
562 314
356 1108
508 936
419 328
70 455
528 2928
643 911
447 529
301 528
51 1382
1773 283
1826 281
1178 303
522 1609
306 566
777 538
684 5650
264 1011
337 550
607 300
433 6107
1136 1008
588 290
663 611
4587 61
533 493
1439 468
3814 365
468 259
633 4272
961 435
869 3843
501 372
402 621
3851 855
2600 505
367 435
297 813
847 341
330 966
316 1803
4751 338
516 336
1443 572
306 1171
2719 41
347 1485
323 596
83 284
604 111
703 429
382 819
455 763
480 935
459 1512
7598 428
5071 904
918 302
376 1628
406 1836
360 296
615 410
1104 843
421 367
558 115
387 3262
1400 50
362 1098
2096 1759
3937 849
470 344
283 1831
356 756
458 922
698 297
387 798
2450 349
5718 4718
2397 995
2442 900
411 5786
5254 637
411 921
270 968
431 2262
802 453
2627 67
1966 399
333 1447
304 1490
452 403
2458 1223
1352 83
1809 401
400 681
350 799
297 1045
3618 894
2653 256
111 307
3575 403
899 2603
726 522
3642 1631
4190 322
2778 1356
522 499
7047 367
4596 1237
5519 338
323 1230
514 1100
340 900
630 584
329 368
1401 282
1386 257
1820 454
1575 610
625 269
1642 349
339 1168
524 1449
846 540
1725 688
4227 791
1291 410
1405 334
845 735
2943 363
1629 79
576 977
1277 83
79 461
281 330
452 410
53 519
779 515
397 637
647 1720
3924 614
683 444
1144 500
508 1213
2266 349
336 2480
2602 390
302 1514
5457 551
2178 3014
1986 468
482 498
6516 373
264 474
671 345
1508 359
718 587
683 1349
302 410
376 5966
1931 496
2433 302
1616 370
2690 1162
411 313
1340 786
591 284
1178 257
593 1259
3598 295
459 649
1091 3641
2027 269
1841 609
915 283
368 2946
1146 380
665 287
2033 331
724 1272
344 599
465 78
382 330
339 1866
606 260
593 626
2265 307
471 970
439 982
1664 472
325 1308
2120 2424
306 390
386 1174
485 2475
297 1590
583 434
475 297
3156 504
5743 45
3863 279
764 435
484 405
518 387
827 425
2043 817
668 1874
404 1363
2224 882
111 356
388 330
3179 78
501 1743
325 555
470 410
1710 297
2217 303
514 257
279 738
1990 264
396 1675
329 427
596 519
2388 2587
402 941
810 552
813 2344
382 626
3527 384
651 459
1042 818
61 2622
896 1492
1020 427
601 744
655 7067
316 2186
419 2671
4604 2094
386 383
5169 922
2856 1221
654 361
950 751
1730 1469
593 536
5308 445
2007 545
859 477
6058 3561
378 523
3505 1219
1443 531
465 2238
348 444
2232 302
2065 472
636 115
1522 306
374 433
1782 378
390 5181
1664 302
52 879
518 1369
3952 419
5389 757
390 5464
997 40
330 1197
668 287
550 2476
501 1449
772 343
943 600
1232 604
410 804
401 370
871 622
344 337
2960 767
304 511
721 2980
306 1035
110 415
3057 282
494 115
51 1948
3025 307
2080 386
988 365
549 987
275 720
2098 282
454 324
1022 279
979 1218
984 2223
538 316
2006 83
350 409
759 554
2404 1210
549 1776
415 3058
1288 9110
2825 281
595 963
682 1853
1585 302
50 1740
378 2811
316 1718
1772 354
496 870
307 607
356 440
643 283
320 302
4785 268
968 757
463 2286
638 1081
718 2291
686 279
394 283
1038 474
1593 481
1430 696
1126 1169
381 849
367 1248
795 370
3957 419
843 449
1624 1134
577 277
691 538
2960 1343
757 78
623 1672
484 5732
8293 680
305 343
737 1994
663 796
430 591
301 2241
1690 301
1741 519
518 487
326 1212
2430 405
1459 545
907 1117
258 1144
1327 380
1217 283
5733 472
564 584
7925 1687
2265 428
785 903
1019 264
2132 83
508 347
751 78
330 1071
1077 3149
583 415
342 1738
304 434
5369 115
632 475
271 337
909 3344
1979 281
966 811
685 987
608 595
877 420
519 401
1110 998
339 3165
340 307
762 758
1508 373
344 557
344 410
324 3280
813 7881
532 370
733 1319
1493 1325
7945 1814
1183 552
275 1067
1330 819
4846 350
324 459
301 832
432 622
458 83
1193 282
1880 45
2038 295
586 944
1161 376
662 2584
1409 412
700 115
747 610
4106 568
3095 792
270 496
8973 1415
3803 6297
4125 3624
7766 531
844 67
1395 49
2226 423
391 262
3814 331
939 1707
558 1948
2296 619
833 427
2131 784
516 316
1424 1926
1161 306
257 300
1353 115
668 395
3440 571
473 639
336 473
635 2944
1104 412
1559 316
297 938
478 403
951 1895
988 110
3226 1011
2805 283
465 1217
386 1273
390 675
4040 420
2639 51
574 474
1563 1669
297 682
514 303
1524 300
4186 447
9222 1499
324 4299
1129 295
5580 264
934 115
257 580
399 3547
4168 9004
2047 444
260 1822
904 257
2509 5414
277 1017
3745 1401
4130 331
268 3794
404 1058
482 590
281 3872
1291 502
517 10409
287 316
1859 388
264 944
508 1200
383 78
3438 3784
1379 635
2637 441
475 307
1840 817
672 309
1067 277
2130 83
305 5497
1642 110
809 645
925 8272
868 111
779 622
2435 644
111 1119
575 991
1963 834
1788 452
334 507
911 2241
521 444
1481 4740
1973 924
742 297
981 1690
4752 599
297 848
296 326
928 396
1353 524
399 2117
330 588
3928 403
305 1455
509 324
1187 4362
638 1534
531 697
2056 476
473 2617
7652 344
574 259
1714 361
1279 1220
326 950
1165 800
329 1153
667 415
723 262
727 438
1123 413
1251 530
486 350
2051 1316
1924 302
1142 41
2026 326
564 782
591 330
2292 3072
517 1263
732 403
5941 7177
936 78
1949 7959
390 6320
342 83
309 276
2374 909
1057 1019
2433 257
1000 49
1368 332
336 973
301 410
296 941
1060 295
805 50
1859 279
318 823
290 719
1069 529
2016 279
2341 283
83 430
367 839
545 789
4805 294
5119 420
1940 4594
2725 765
292 4329
708 302
1871 329
786 329
638 2496
818 483
515 721
288 257
946 302
477 279
3531 365
594 279
747 359
508 724
1225 437
2439 466
1499 338
525 2429
3853 1496
332 1111
388 3889
437 283
480 603
681 433
422 432
307 530
1191 1008
271 794
298 1425
988 380
1628 452
321 472
3073 276
1288 2291
1855 1913
805 412
664 415
496 1072
715 1073
690 374
888 1060
1701 283
51 270
735 420
1090 447
2250 283
2081 283
2400 307
440 269
271 292
511 378
2458 385
1028 418
814 1335
836 359
414 398
670 260
354 353
726 2674
1380 639
756 257
339 1109
861 4882
655 264
1164 115
61 304
348 4711
1621 418
397 2130
373 3097
1270 4697
306 1555
531 415
2964 2795
368 1422
836 270
339 828
1083 471
585 320
518 403
51 552
4778 1030
4946 386
443 618
374 2116
412 895
841 529
1777 111
543 960
1879 282
4838 399
371 609
267 6682
6607 2785
853 2762
3549 927
1251 998
1324 775
649 257
2285 438
271 422
4604 2705
5172 300
674 455
350 520
1288 2584
689 2176
1110 696
344 1033
350 617
344 688
1813 283
290 594
1296 279
842 573
777 698
501 1904
1956 303
541 1194
487 1212
526 419
1957 281
367 1089
760 2603
270 2168
1064 2687
329 603
1190 848
1467 3522
392 3915
342 606
702 41
1785 302
305 2929
382 704
2713 300
404 554
1560 79
1988 609
516 1494
290 683
3163 738
318 308
5209 284
79 468
1278 356
718 2620
395 5218
404 568
382 628
363 965
1309 49
1113 493
1757 354
324 3533
334 1055
795 834
865 1428
1076 622
463 1530
746 524
7276 1382
590 4027
390 497
502 837
511 629
83 520
732 932
53 1136
372 476
786 465
590 289
399 383
727 344
5031 994
366 1836
1571 79
940 1703
458 1209
2025 1363
865 1896
522 453
1480 4478
812 632
914 589
671 1030
1131 5059
264 3231
1039 282
508 566
748 960
475 420
419 2263
584 316
3549 687
343 2190
600 833
2528 407
258 367
323 405
412 584
404 516
485 289
510 1530
2846 320
2270 384
277 765
450 817
1988 476
296 5612
400 489
399 3309
302 329
292 1578
1278 281
3811 420
587 347
258 355
258 705
7041 295
1265 1008
468 1223
1989 496
543 1073
6303 784
1735 320
382 5714
3650 334
685 484
8082 40
1278 437
304 1234
1375 610
515 587
625 445
325 1438
1777 5576
1626 540
757 427
1592 691
871 380
313 808
802 831
827 1867
583 839
1375 6915
434 3525
260 1556
541 1492
435 1663
3852 276
2825 486
379 405
1989 1055
314 798
362 288
546 348
1254 763
343 1071
2675 433
453 347
569 316
713 1063
264 998
333 3089
516 2664
759 584
691 529
390 2194
1809 2143
4919 571
297 1911
1841 476
1024 1017
1142 3067
643 454
3877 437
2296 332
430 1032
802 3558
1348 946
774 397
543 1015
1917 83
2056 609
608 2748
299 2084
5678 321
350 1105
1467 6506
384 279
799 283
791 592
724 294
430 297
1491 455
754 1337
1046 851
330 1374
305 1774
2533 420
738 1049
1583 303
3230 284
489 394
494 329
1466 529
290 574
640 419
2170 260
490 1382
292 6164
379 260
5355 605
1493 259
5870 269
303 448
459 492
1804 50
2820 507
1224 825
368 786
399 297
10469 45
324 1609
295 887
303 334
79 646
392 679
390 297
8218 47
1488 2573
275 2178
11186 1533
480 898
1016 2988
2494 1536
1154 1396
440 579
330 462
498 1951
334 1617
731 329
1871 344
2183 359
456 774
456 621
306 555
501 830
430 4036
715 530
591 334
4982 743
467 1184
2601 743
3119 291
734 1836
654 589
473 6107
3668 6014
1528 283
1150 1197
528 542
703 1017
1060 331
292 1936
1178 1061
324 947
572 459
324 49
325 1343
577 295
298 1093
1306 279
49 1709
2266 406
4233 767
768 467
1749 486
884 83
1622 399
292 675
1088 530
514 259
298 1494
387 424
686 283
945 813
724 925
483 2452
1769 283
996 1285
801 3915
615 487
454 268
469 329
652 5233
5234 905
316 1241
390 476
468 269
462 521
1187 503
886 339
727 79
422 777
1116 330
258 878
720 626
492 891
363 79
1917 492
256 697
498 350
1002 347
2961 931
586 366
829 300
1352 641
389 1698
1181 794
940 1329
3800 4935
344 1035
421 1798
1505 611
516 1369
749 2004
1021 3926
7083 537
467 505
83 386
305 373
2034 571
1559 360
502 396
433 1212
1459 572
430 1229
281 1243
447 287
316 667
4163 1078
991 1259
503 857
1330 514
822 40
1345 472
1023 1098
390 3460
569 676
577 279
350 432
2881 697
1546 530
279 613
600 602
50 1222
2030 420
348 681
363 1158
2050 786
727 396
391 786
608 1993
303 761
376 1305
2096 1576
439 515
1670 50
1725 967
1345 302
379 635
3981 833
1672 331
3177 473
316 985
435 1781
459 1441
4417 610
675 297
1733 639
397 911
939 1245
459 350
1384 394
469 2307
1038 1605
3325 258
50 1325
2285 7892
1642 115
3279 384
8086 363
333 1776
2165 572
729 542
347 643
363 1153
668 3236
1967 475
267 986
305 3450
1524 282
4701 115
78 5192
5989 652
3853 1149
827 349
313 369
873 337
775 1232
523 111
551 307
2239 78
581 83
725 443
389 78
1949 354
1141 283
2183 453
1846 807
984 2100
347 520
608 2181
630 779
277 449
382 514
2497 717
1488 814
766 9092
810 3323
1573 399
79 828
454 1703
382 7568
859 294
640 52
2763 384
387 946
414 2669
691 584
436 477
754 524
6193 340
382 1359
360 714
729 4050
403 861
757 4394
843 429
1488 2603
719 862
1600 1993
1142 935
6884 363
7208 454
362 10910
11411 421
1065 2939
303 489
909 310
297 639
399 2354
49 578
660 477
4838 386
386 547
4307 1337
577 900
395 670
339 4354
299 1408
731 1097
343 303
316 2543
379 287
434 608
3112 504
873 3115
382 5152
496 705
440 881
557 475
458 1000
6111 322
392 115
1249 1252
329 804
4251 297
695 357
326 361
3634 108
570 393
325 477
2189 405
393 993
620 839
5003 5668
482 316
853 354
1599 770
5727 2755
291 739
647 2327
1585 472
363 2529
316 1085
1038 493
78 283
689 279
2489 260
996 419
4841 2956
5698 328
510 780
663 333
1604 320
1015 609
915 79
306 1258
1062 1253
581 349
545 415
949 486
586 359
1121 911
1132 40
595 606
494 4950
329 83
3541 300
6318 111
463 2732
558 1158
860 326
330 1269
2244 1721
269 520
1508 270
258 868
1931 1055
1202 1011
454 584
721 477
304 876
489 279
363 44
356 979
560 1165
3948 420
491 407
1330 643
79 307
755 322
711 350
454 343
304 3070
1121 2706
550 347
2571 281
1461 334
599 279
1348 1030
359 1690
1480 894
413 833
1127 378
376 403
708 3198
279 302
1386 3231
1788 468
630 554
929 844
433 302
1970 618
324 434
354 298
548 111
867 419
1312 283
914 498
388 786
1139 1063
1041 1114
560 1098
3048 452
629 587
1391 1000
4743 6325
484 343
679 259
2681 373
1729 2060
327 619
1519 476
591 1887
543 1534
2505 283
1184 41
841 3347
5939 340
325 2883
378 1000
560 1049
1569 1368
40 2788
876 283
78 1389
2276 281
394 40
861 498
479 1854
1376 314
6130 524
541 45
281 3450
3314 1654
1355 298
923 466
10792 1380
395 2084
2966 1275
1189 580
368 403
880 390
461 440
534 837
367 979
258 1159
1004 626
1373 344
594 306
2272 282
727 83
292 4661
501 3305
6937 2736
713 1100
1119 690
398 279
425 52
2014 765
2551 437
2610 2356
50 941
907 677
655 1470
1892 770
304 617
2348 421
271 649
5144 1237
306 2161
968 2517
347 3373
329 848
926 529
403 338
1272 379
885 609
908 336
7483 49
546 616
436 717
115 339
299 1885
730 1302
400 347
306 1146
362 504
586 287
1622 1282
4317 282
2633 259
1119 281
1152 488
264 399
404 896
1413 79
2947 519
271 1211
461 790
430 628
501 70
733 634
484 2343
115 610
468 403
1255 302
2351 78
277 413
515 456
629 520
360 1853
947 257
290 666
869 681
461 804
1430 2197
956 283
2328 1020
574 1497
2933 879
1511 421
374 1912
1266 489
1783 700
1264 378
473 1212
2148 921
382 497
268 465
842 1895
367 401
348 1539
1524 849
1348 283
761 326
2054 380
2820 329
281 505
885 455
427 681
883 634
2011 302
3644 108
831 2420
1498 1235
378 1798
699 6827
329 440
392 648
1406 282
1177 320
302 1207
2996 792
469 2901
3027 282
2976 393
1464 1071
378 825
333 851
1491 626
7680 524
942 10200
1199 3859
1265 579
5803 269
277 2889
362 79
1019 887
615 337
822 262
2369 283
689 2032
827 1184
434 2278
538 297
1656 1457
298 330
1805 738
295 339
7533 334
638 1141
1473 921
1900 708
671 935
660 3616
1657 2810
10575 607
1151 756
382 478
78 680
583 596
528 1229
806 449
1115 1120
1133 78
356 1659
316 2222
2569 295
1330 5203
3589 1210
382 711
336 433
1830 785
326 308
1958 361
530 489
40 2239
591 1304
1932 579
683 1553
340 600
764 415
283 484
385 356
482 400
776 1143
268 1997
1484 268
822 260
2631 717
7403 290
4725 303
587 350
501 692
2215 341
79 1213
302 431
5408 111
362 1165
2463 909
2202 303
356 1155
490 784
1558 6387
327 260
1089 325
791 622
3504 878
405 4072
1725 440
390 711
357 609
560 757
962 621
473 2466
479 6879
2320 110
3849 5414
528 347
2632 976
323 1004
316 1357
475 302
4841 2081
464 320
281 637
1357 6744
4513 1381
4021 571
326 11412
11798 326
2350 1370
628 337
1474 283
330 632
1113 396
270 1555
367 1108
984 7578
50 354
3155 358
267 708
387 546
1069 356
431 321
5413 361
550 911
290 431
1015 279
7854 1648
1835 692
558 1258
488 412
386 4911
586 2076
270 794
618 415
777 857
10313 671
1094 2849
1142 636
388 6958
2899 610
615 2334
888 934
655 989
534 4056
585 536
2302 870
454 538
1326 283
2695 300
661 336
53 1687
339 4927
559 331
1723 295
2048 606
701 294
508 482
384 592
525 927
873 378
3612 843
4201 763
343 396
1379 405
350 1372
871 1633
387 2049
1192 401
279 2277
594 533
574 709
326 298
329 259
918 301
421 952
1765 79
392 760
256 855
431 444
805 1098
260 946
921 4086
467 610
1400 281
819 257
641 353
876 410
1286 110
961 818
955 79
755 277
1291 590
1150 967
78 2759
2882 383
3176 302
1052 916
725 382
3213 303
1015 476
1312 441
3430 786
2786 1242
570 5937
964 1665
677 1236
297 1033
9732 3498
1660 6319
368 1883
511 518
1145 41
698 329
4726 757
488 1136
459 557
381 257
783 934
545 787
4709 269
2379 786
316 2864
856 445
3972 406
575 1020
2373 637
2993 905
340 671
403 489
258 1950
343 529
920 320
892 1533
3695 773
799 79
588 50
3251 2431
1333 509
376 709
1510 743
2069 290
1086 636
386 304
2265 412
2571 468
410 454
2831 370
1065 284
5297 538
2518 8767
736 434
558 1542
890 532
316 1127
663 115
281 734
2308 3978
324 944
597 569
2415 1356
269 480
2470 78
757 1149
955 2440
666 7776
1016 1355
962 3074
323 694
432 1557
298 1143
757 8076
279 3977
324 6928
1038 451
894 366
1293 1017
827 2409
1314 347
52 2214
1004 692
1417 367
465 699
415 1075
2258 841
1567 1284
1036 297
633 359
1059 1320
1626 486
428 1377
5667 1130
6128 49
1426 5907
50 2531
2997 481
78 823
1145 401
1043 283
289 386
403 675
1784 772
299 1389
439 594
816 2345
3213 78
334 1383
271 498
809 967
3799 449
2411 935
577 897
316 2525
362 843
663 2377
4664 910
3206 1149
1192 41
7588 3839
2124 859
560 3605
3241 269
866 536
395 2488
51 626
5126 2242
4263 258
845 2196
1756 1690
1648 279
893 45
2512 110
3073 1000
477 336
332 449
1299 965
659 448
1248 433
728 290
3504 322
279 427
1348 4882
3181 578
754 2614
608 1024
1361 344
1402 79
2441 509
5285 3983
313 1347
1411 427
651 472
3372 491
2191 432
1429 283
1077 8395
412 447
1058 374
1122 264
350 423
7182 519
810 7819
350 443
545 1370
299 2242
359 1499
947 79
459 316
507 428
511 587
392 553
3507 6405
1359 282
427 350
356 2127
388 401
794 466
392 2661
3593 1191
543 697
488 297
410 347
388 1289
386 269
344 1911
1075 1085
469 474
526 855
380 350
49 396
2537 8826
721 83
1173 300
781 964
501 1522
479 366
543 634
1564 403
923 1341
863 295
914 336
2348 412
367 1138
367 1350
642 2287
7929 354
369 343
391 470
468 589
325 1628
6335 343
306 725
564 452
943 899
392 1442
879 3263
12106 397
350 386
2266 425
337 1075
316 411
2764 268
1213 259
666 1716
1170 1253
925 770
634 3354
297 1349
363 1468
3315 445
2976 532
40 618
49 50
292 1726
545 515
522 1470
2639 307
1855 1197
468 3922
3630 320
632 334
9571 1119
1029 436
443 440
1048 5793
915 1112
390 5694
330 1365
617 50
457 451
478 581
3528 78
1875 707
514 580
5185 303
6961 269
1173 386
452 259
305 831
742 360
347 348
10905 9336
1236 656
292 2696
494 283
886 459
453 350
3280 1507
869 533
475 797
1933 303
452 1506
1421 1579
1343 538
410 682
353 387
649 1790
566 786
316 6973
368 303
461 823
7538 792
987 3463
356 990
653 1319
314 1030
1769 644
325 1700
2376 618
2675 473
3178 282
435 79
350 2021
594 489
292 636
332 4386
1129 1250
115 515
652 751
459 399
742 361
4616 300
382 2946
4609 1205
1201 347
914 1671
5133 1160
467 607
306 1071
3847 421
323 2062
616 1956
316 6086
1178 279
674 832
1295 2088
718 841
2035 441
469 344
1204 1721
913 1102
478 588
1563 394
695 616
388 487
1247 428
566 3238
468 1378
747 4000
640 1389
643 78
271 378
308 262
3550 3406
324 339
324 912
626 291
1855 3738
624 1141
395 1666
362 378
1164 5650
482 1405
468 994
115 2424
356 2874
5614 269
494 709
1109 78
421 1377
357 476
801 921
432 399
1742 380
3778 260
655 471
325 427
1189 590
548 2612
273 6257
387 3974
776 3842
1209 282
6390 269
1116 279
1077 110
2397 897
1392 111
454 333
4111 1274
292 3577
264 445
292 3492
871 795
498 475
1796 359
436 2597
2656 738
423 302
669 297
1362 7133
2340 407
2073 609
726 2037
494 269
1837 283
287 688
1355 40
522 1634
287 1147
279 568
483 390
1892 652
482 1239
385 546
4181 110
666 681
653 545
472 520
459 656
385 1105
913 1009
596 786
401 455
1829 443
324 515
597 780
1725 432
906 369
368 1102
1508 1612
853 697
1481 707
911 639
1488 500
1244 459
2215 320
952 260
1094 359
4680 796
520 83
415 546
286 1442
343 1223
626 394
1897 6093
83 786
653 881
775 520
385 3068
1225 538
1559 399
2410 115
557 631
330 1085
908 1580
918 1240
1029 385
392 453
952 697
836 453
445 279
679 523
4208 2134
443 535
421 851
399 583
337 528
384 954
1551 322
281 829
3724 307
2828 476
1965 470
452 2255
6480 977
344 344
298 1058
295 1533
379 990
1717 270
3567 756
1386 330
458 1147
115 264
3701 2459
1573 2566
301 1686
79 536
5349 332
1725 4991
2563 291
2257 671
5036 2565
1350 383
373 1507
577 331
337 391
861 423
3940 1325
3851 2987
436 1229
749 4225
269 1385
376 1790
719 466
1078 347
258 474
1966 386
340 1518
1074 441
558 338
292 1440
2231 425
953 444
3083 568
83 1429
379 697
473 386
2270 572
381 447
279 848
604 50
2404 323
426 279
268 331
1419 432
2006 492
775 3666
287 259
1029 430
1738 257
10237 1160
2571 452
1328 1423
428 1404
316 1228
1178 1002
646 568
748 1388
749 750
2077 477
930 269
3936 309
772 757
1101 331
788 339
1111 294
482 1001
431 1374
695 329
3785 443
661 591
350 566
873 3137
277 1062
1390 4081
862 303
360 5155
815 7606
1286 3824
12431 10751
549 1184
1752 2254
746 786
618 434
270 1605
579 619
295 467
930 283
1835 70
1332 330
1820 307
4043 3428
953 498
1638 648
636 1705
703 1157
701 517
296 4082
452 269
491 79
1797 260
276 300
653 365
608 4674
760 785
866 455
4003 538
396 279
264 637
1232 79
654 443
326 5861
1173 859
268 452
865 1852
356 930
1402 297
390 382
436 1226
1047 294
2497 1044
722 773
550 542
1855 7643
802 5820
325 559
324 1184
319 580
534 478
1213 474
3377 277
399 259
945 825
652 320
1181 67
1328 1056
350 721
306 1506
1272 449
671 745
2670 3025
553 110
347 1103
874 361
905 437
1128 8585
382 78
754 1470
623 1535
731 45
1430 380
726 484
875 635
560 1335
1438 397
6417 1001
987 603
3854 269
572 639
685 1775
663 712
283 399
2249 1708
982 390
558 111
473 2821
3216 497
292 1724
1155 2980
1239 3451
5389 452
2814 388
1281 922
436 1044
1216 635
1080 2440
305 2285
1004 455
1154 2282
439 869
1450 41
1762 407
998 656
1580 111
283 706
83 473
372 832
742 382
8003 270
1010 592
391 1646
1323 110
708 868
449 400
979 344
933 366
49 304
388 4675
403 4806
2590 401
2141 2247
693 2384
2140 269
656 651
1241 2465
385 4808
4141 303
1334 410
597 1972
1389 111
754 1947
642 405
374 1378
2997 471
1346 696
5437 493
1380 1370
386 378
83 444
1756 8004
399 486
268 1612
360 396
3941 1631
49 679
4278 269
1952 302
275 4681
12580 2320
432 881
760 2488
651 637
1363 115
344 681
276 302
508 1114
5103 1300
676 832
516 361
731 344
1467 509
83 761
548 1387
880 399
528 874
5595 4131
425 1533
421 1404
356 1099
1348 935
2536 452
1467 7382
1866 424
611 536
281 1092
1257 300
50 830
2310 3999
1080 1196
2285 5435
1025 878
2683 294
356 393
430 390
397 283
835 622
386 4367
3981 1786
3849 6813
879 613
468 5453
334 329
314 424
7495 50
314 1100
2089 302
356 83
637 465
281 1856
623 1971
5105 470
2884 79
762 332
1340 1183
544 444
604 1682
435 2445
433 2821
1247 808
4373 529
805 1533
494 504
982 382
553 8818
439 720
467 971
4509 365
549 11266
433 443
4139 1073
350 361
914 559
7324 412
860 49
501 1454
1362 2378
1461 330
815 524
3122 300
685 1510
302 877
875 447
363 1477
901 881
368 491
436 1745
304 889
1279 1195
1495 454
896 329
749 7687
666 724
1796 619
283 432
297 388
424 380
633 944
775 2944
2364 41
449 306
472 78
431 4257
1970 3661
4945 303
574 555
3393 2017
665 1643
282 686
3770 308
379 521
281 1056
827 684
270 498
685 4472
601 1000
262 333
760 2312
40 465
2764 448
1295 4830
504 78
900 437
577 571
647 1989
994 79
496 520
548 941
1079 1428
936 369
1807 1337
421 1618
329 437
3037 2407
1241 1957
1916 283
338 420
399 2036
726 3060
326 334
324 415
2679 1221
939 1410
356 1089
616 681
306 368
1693 3109
439 1974
287 1964
333 6988
6989 750
3216 2182
1223 520
403 390
2166 2298
369 1206
5206 10258
757 79
386 427
473 7397
861 5398
2222 41
304 594
790 294
1326 45
1375 270
333 471
4313 751
473 6384
968 6146
1928 1689
450 6728
374 452
2468 529
657 302
819 290
722 807
1361 297
516 403
1341 78
83 661
7504 1049
812 410
6616 1691
651 339
6166 1175
3476 397
4829 1469
558 965
3057 300
342 1305
437 729
368 2385
511 6881
702 927
586 2567
7727 340
459 1217
1080 996
586 5020
3464 5530
814 843
716 2236
3887 739
2082 281
403 6005
1330 297
659 347
810 294
1952 916
3363 354
422 860
472 1014
439 1816
282 615
258 588
1090 687
4409 320
8123 762
2073 476
1128 2736
3289 3322
477 423
304 1640
301 320
447 302
537 49
304 683
508 466
1569 366
2693 9408
872 862
1173 302
292 587
3637 281
399 409
307 1366
3083 5655
4908 348
1048 111
316 3790
4195 111
2442 897
846 320
50 111
463 1444
785 1327
1288 3599
5027 9171
742 2566
649 378
4684 2368
6894 818
841 437
579 1347
2423 41
1198 334
735 78
9702 1076
587 520
296 3293
3487 11041
534 507
3419 365
305 1938
836 349
269 1071
1213 283
306 2116
323 1352
7446 10340
2026 257
511 6070
631 353
749 1728
299 920
591 507
5198 420
866 832
519 1537
387 4277
1752 1708
850 2654
682 1993
306 2486
579 331
979 493
452 302
1668 333
899 552
1230 294
390 874
1808 283
9202 433
493 282
2733 256
1615 622
392 1776
1224 2529
4487 1735
432 334
383 330
115 434
2104 302
589 282
2693 1789
754 8894
2632 717
387 336
421 300
1466 281
593 455
1291 603
435 2389
283 79
294 707
390 7784
589 477
1060 974
577 757
302 2059
339 1711
1267 2792
340 349
49 2240
535 115
264 373
1091 1257
1784 1267
1717 505
560 2945
754 610
303 828
1421 453
674 536
999 530
703 2064
608 645
2056 455
1228 378
5036 2536
549 934
2297 5371
342 794
296 640
5598 269
1417 356
306 1475
1130 45
2109 1140
4008 2299
3637 420
533 297
353 578
2460 834
452 441
7051 3149
1334 502
381 3029
606 682
2451 808
4052 599
611 441
4598 537
1088 1396
1078 350
391 3511
264 515
387 1074
1303 347
799 303
1992 1071
495 739
1805 765
3811 281
334 1901
5154 538
2173 359
2764 1389
348 983
530 494
746 1516
480 1030
4536 365
779 808
1507 453
430 858
3989 592
436 4183
641 440
342 652
835 1347
260 337
663 553
430 2507
473 343
2039 295
885 626
259 303
6514 849
984 4989
5364 3750
5632 6535
564 780
507 717
353 356
368 1893
1830 10907
372 455
1111 79
1068 641
1185 283
350 959
35 714
1332 1290
1353 4161
332 415
543 1437
917 1301
3502 329
78 1326
655 573
848 449
2487 300
5644 554
841 452
3095 591
1086 1948
651 257
307 1195
1919 441
293 737
50 1872
5174 429
1794 410
328 78
561 421
630 782
686 552
618 459
2139 855
339 347
1020 79
368 711
386 566
6920 1665
526 697
4816 300
1574 426
500 8295
997 260
6941 4720
316 6311
40 1219
399 427
270 709
1944 8222
847 1212
2006 732
781 836
9257 429
2319 480
475 78
2653 6030
395 3323
570 83
6741 269
430 717
1165 264
264 386
747 2849
1958 79
4852 369
566 1037
3420 738
456 381
436 591
1427 2184
390 536
984 3748
362 1191
718 629
386 259
602 1474
1199 1819
2610 79
390 8443
49 6545
570 532
2619 110
295 298
10484 1197
1781 476
1683 704
1267 79
997 354
1026 257
4434 420
566 1596
269 498
6343 257
522 10486
594 943
2046 550
7321 2252
325 1265
1373 6131
2526 1842
1567 1240
1219 115
287 2771
2545 1170
395 314
874 507
1094 944
3037 849
2693 359
384 1482
3327 545
1546 634
2165 531
6926 843
5125 755
385 1800
5885 9323
4746 3953
2764 314
288 301
1496 320
720 832
61 344
462 666
1364 2263
1399 41
435 690
340 1136
1524 2407
721 656
487 476
4419 829
3272 991
600 302
7953 386
368 701
275 7192
1367 79
459 336
2074 5602
726 6672
367 929
761 294
1959 1556
729 316
488 3794
108 466
1384 257
1222 294
367 1155
511 546
588 321
483 388
357 536
374 628
1006 600
1772 294
873 1905
906 1510
528 1551
903 331
50 1151
353 941
3172 383
304 854
3919 428
83 1181
2148 3558
356 1138
1495 882
670 643
387 1105
2797 365
8432 258
646 644
262 329
303 78
110 481
51 383
2101 281
5883 813
2761 356
714 420
2226 704
1658 7211
7520 568
1373 364
608 2594
1810 634
516 487
894 488
376 4985
425 309
1315 79
2596 283
419 1819
669 111
1588 329
436 83
301 825
665 295
108 685
362 1049
593 722
511 555
1023 882
394 394
854 1035
2956 395
857 739
848 637
339 810
1804 895
3302 370
1524 753
646 613
1178 1497
489 268
435 1843
3654 1139
4251 5478
475 328
724 2959
489 78
295 369
473 646
1613 864
1527 3741
286 11342
724 552
329 557
806 698
7242 269
2595 898
521 1264
350 470
743 519
5323 257
305 5695
436 2077
1203 1732
267 2213
560 1971
298 1596
1762 396
850 2236
11360 713
470 420
560 1672
3008 457
13239 7251
5013 1631
1426 287
462 982
79 1323
616 1927
3634 4602
1469 970
1408 9927
350 1146
2588 5829
277 291
468 387
996 294
995 1316
316 7534
50 1599
1876 394
542 347
1815 943
988 258
528 2597
374 721
4163 599
306 4577
302 470
968 410
3287 499
1031 849
1825 420
12748 1568
1003 425
264 582
1824 386
350 645
5913 1235
2988 428
468 412
484 3678
1650 257
334 1228
676 403
850 1008
890 1580
50 355
948 6387
347 1051
300 1571
978 1103
525 9949
13289 750
410 790
1049 2546
3709 331
2048 709
1014 297
330 643
996 268
388 1646
8874 309
327 941
324 989
795 476
2359 423
6003 338
1816 302
562 941
7271 4585
83 432
292 3493
389 1355
671 1392
297 7014
773 257
380 448
4395 7420
2413 329
1261 1076
299 51
468 277
360 2400
636 111
1400 529
410 961
348 728
1850 1284
967 379
52 277
4970 257
1216 1536
1247 365
1173 399
597 1597
2450 505
488 428
2365 1926
1028 553
583 515
526 298
558 332
2778 497
713 303
385 590
624 1081
297 1927
554 594
429 1687
1003 5239
526 1284
5967 111
2728 531
1048 11391
1806 5090
350 1308
664 594
556 753
1424 1547
390 1359
484 457
3694 297
404 1418
1979 437
3681 3816
1738 67
626 257
1009 297
304 6477
2289 1483
5666 384
313 1250
385 3468
508 1521
775 444
1581 348
394 268
369 1117
1251 696
818 294
1488 2714
333 2612
1518 2498
1507 313
2413 396
1804 49
547 982
484 573
3224 50
566 288
473 3169
645 697
2409 354
7855 862
292 2001
1399 603
873 2239
3572 552
602 544
764 459
3680 307
732 641
2791 45
809 440
301 544
1291 78
325 416
412 782
443 496
928 1112
669 993
2014 738
361 6219
1118 50
283 2683
397 532
978 844
1179 3414
1039 49
78 279
368 3947
322 282
258 4958
1573 382
2882 303
258 3908
316 7038
292 2264
1484 310
6910 3603
3142 622
1866 1153
3844 332
641 260
353 631
422 2326
339 350
458 1065
78 420
2141 1785
3420 765
344 492
356 368
1280 5791
50 927
1944 9470
926 437
2204 475
547 515
501 2540
415 924
683 466
300 2125
567 1682
350 689
1054 257
2938 441
2710 897
433 6384
363 1171
260 2750
3472 282
1088 3896
677 439
6728 702
4592 2223
386 516
994 465
986 51
385 4277
50 2511
7770 10605
1231 435
2266 503
410 422
491 474
2527 331
1198 354
926 698
2890 897
259 519
2967 281
657 849
896 1449
6910 320
334 643
388 303
78 1505
647 1758
2027 67
1079 1852
6539 303
1394 1206
10286 2914
2014 5092
457 295
5019 1162
390 626
3294 413
268 1145
640 298
306 1454
297 905
673 2087
372 536
7988 708
2771 329
509 373
396 573
378 1316
2809 1786
2394 1257
2730 524
693 2875
676 320
611 544
473 403
343 423
449 721
10056 5642
1222 288
1064 1709
567 1337
439 574
857 331
279 487
633 1076
404 584
348 432
326 2321
4213 287
396 350
2258 283
2058 790
283 1538
1414 302
325 443
761 283
334 1275
543 3028
647 3199
596 478
1192 284
557 641
615 599
577 79
683 1043
870 584
1424 499
267 3271
61 714
462 596
325 546
1057 10441
955 78
325 589
379 730
1327 592
4322 7194
568 2233
3598 366
1179 1169
306 1522
826 2746
667 434
492 473
2053 302
962 1536
593 2321
3181 5086
1309 435
316 382
959 639
1293 572
889 584
2396 4234
1116 334
521 714
1077 270
553 944
467 413
1333 600
83 727
914 403
660 557
356 676
4156 1503
368 5345
806 529
2953 701
2970 609
281 413
3810 403
52 256
629 432
379 683
806 1285
3604 825
871 696
1945 281
817 1804
510 1418
399 547
2270 429
300 1445
4592 1275
327 578
577 332
566 304
2563 79
264 2252
1541 257
349 415
456 268
3644 2942
482 396
741 1942
340 897
1515 572
461 1190
1511 454
651 415
458 400
2402 79
659 649
3163 762
628 1035
1358 9694
1932 545
2272 49
440 954
387 985
1332 334
645 415
5776 365
601 1209
4083 264
348 973
304 2486
323 309
494 1496
4648 288
1083 349
330 3764
283 1200
970 297
757 3423
1742 696
78 1203
708 3542
3217 2861
334 966
3114 905
51 4424
13651 680
718 4108
267 3607
1088 998
867 307
439 845
367 78
718 432
323 1319
3295 365
574 963
339 3007
991 341
3549 7133
575 326
4886 453
387 3068
955 1865
298 886
676 504
896 1112
500 751
2367 1055
470 498
3772 622
3119 1011
729 427
850 110
482 1710
4325 555
400 475
471 960
554 1945
822 309
1164 4410
356 929
1921 1153
1314 350
1954 545
1221 415
51 609
1701 590
652 329
329 400
1505 592
1550 350
333 3448
3536 401
334 4165
2506 79
8169 2023
439 1134
710 1942
521 329
1450 807
508 1761
3620 300
2855 753
1484 260
395 3907
412 110
526 2069
1375 1184
267 1863
441 483
1988 455
1509 111
1048 1465
1591 4266
367 990
304 730
50 3029
4255 4585
816 51
2660 269
1390 445
256 768
3986 897
257 259
12090 960
1004 1097
5168 732
1079 843
585 722
329 972
4854 770
743 530
1678 867
387 3468
79 455
264 4084
347 1105
302 672
760 294
465 2129
432 79
1075 1043
655 111
2093 470
385 933
3604 290
296 49
765 903
1016 870
329 393
711 347
817 1943
467 449
879 568
1807 1117
292 1308
339 2322
1154 363
663 921
793 1906
673 769
3381 708
1325 115
397 2444
303 360
350 704
672 2055
350 1366
264 527
975 483
385 1063
1277 337
1932 1017
325 1078
985 441
846 2884
2359 935
382 1356
1105 1460
988 530
1328 634
295 697
1341 283
475 704
602 872
4136 2589
1340 1516
972 391
1517 1578
306 382
1958 443
51 478
473 354
545 459
108 257
677 444
4611 1482
2324 403
915 704
301 773
9327 268
7855 844
874 4514
325 617
347 4296
3128 551
886 434
507 257
357 455
839 520
746 558
2500 1183
479 5546
296 1076
665 4376
582 11294
454 592
410 452
10906 766
321 4126
1700 540
2890 900
473 259
51 924
1160 2811
258 742
258 368
606 301
4046 862
4828 300
844 78
1004 44
2996 591
1198 382
344 4014
3393 931
467 2929
583 594
664 839
304 492
613 459
6448 868
403 2023
1070 743
498 470
457 537
2537 349
283 893
4307 1243
412 833
1044 448
593 544
78 9893
5558 2704
430 1516
10241 435
601 9111
2710 900
290 869
946 300
1180 308
1034 7219
846 344
1303 294
2865 282
1230 427
1058 279
421 2044
604 332
360 636
3466 405
283 422
8466 363
601 523
822 1388
3668 8467
3112 443
258 725
411 1447
2844 3807
7705 360
402 6498
3668 111
686 260
801 989
4454 413
1361 794
861 555
880 388
482 555
305 260
292 2035
13256 452
1358 467
511 438
1741 331
1150 675
517 980
1699 257
1426 1242
379 980
8653 1381
582 2152
1558 524
2386 1111
3401 283
399 993
917 1758
9570 552
4290 1503
1399 1698
642 354
330 700
305 888
1232 1175
483 434
1339 79
389 2573
3110 555
50 2474
1188 1136
2315 4037
586 111
4779 2452
1886 879
1731 995
2508 259
812 874
4710 1093
1247 386
2094 111
1122 1170
754 2736
681 630
1876 303
358 887
894 868
504 1419
2070 332
1526 419
13946 2359
13947 435
13948 2411
7574 10287
664 515
3288 283
439 919
442 687
664 434
1065 2671
308 257
79 690
330 1275
1380 410
5015 284
654 519
732 631
795 7137
1085 378
299 2362
590 1472
4322 289
3132 3455
301 5217
389 1439
313 944
754 600
1575 287
424 378
3095 492
628 386
437 681
398 397
457 617
297 798
431 283
1840 1319
4564 419
1456 344
411 1021
326 639
1858 394
2800 520
779 1243
1107 1785
260 435
13992 2359
382 455
6205 313
4499 8291
301 722
283 2473
5192 3148
510 2732
828 630
267 1031
2985 282
1509 115
953 1671
972 350
1320 441
367 792
1165 2732
1977 477
1278 538
8139 115
1312 45
349 459
6508 328
411 111
582 111
2711 855
655 3523
1379 365
1364 41
387 1228
458 487
3594 298
534 1893
264 47
332 437
641 682
456 373
5409 420
3260 281
466 898
477 1194
5667 2017
3128 3234
3617 331
1838 331
936 772
600 1230
875 1076
348 645
1453 2965
747 3285
1569 395
428 1262
1559 475
3545 1285
3037 916
3361 3293
440 1557
1952 849
1598 115
1560 916
1513 877
411 1455
307 1170
700 712
536 78
613 1253
1397 1285
115 808
701 815
441 825
482 259
1491 544
3440 900
3774 671
2258 337
287 440
1070 256
350 884
1988 626
767 1507
3741 259
1413 2129
3443 996
673 344
560 751
1344 337
2571 420
83 1716
4276 1786
1180 2828
281 3829
1495 428
2201 2919
9199 419
929 6671
1767 477
367 393
473 61
452 378
2996 492
500 757
683 2186
729 1217
294 872
1722 2885
50 551
8180 3878
724 1700
1318 303
4098 300
275 1532
2056 832
8358 361
2161 639
436 387
2477 491
376 794
3211 385
283 2176
430 1422
1342 934
1392 326
3582 51
871 363
437 376
2437 78
1348 5435
2231 9741
579 1298
741 309
2626 41
324 934
4089 1389
411 1776
411 1024
956 497
343 537
569 350
793 1547
1546 1319
50 1242
511 79
334 588
316 10334
3342 2457
761 1091
948 7791
3156 837
713 283
538 329
1059 480
9603 257
1432 1010
8555 762
325 1752
3290 738
1505 1483
6262 1542
1823 297
339 2785
360 985
812 337
1761 692
374 468
678 573
528 83
1118 419
813 496
482 772
600 277
991 302
1954 579
987 1698
433 360
508 1326
1328 1534
744 302
287 617
389 1166
6926 882
1114 347
3736 1215
4599 337
726 11533
348 581
484 349
323 2068
1178 983
325 401
414 941
307 1220
6233 287
1940 279
1178 394
304 606
273 53
1096 2566
1762 1218
4600 1235
652 2504
1684 321
917 1167
758 276
3029 750
307 988
1401 449
5161 606
2038 366
4669 11092
415 1087
326 675
525 332
1222 427
1023 1849
3671 383
297 1212
260 316
2177 1472
2976 591
923 489
661 1096
382 7784
2160 768
369 971
1294 1195
1707 415
290 284
783 111
723 303
287 1175
673 328
1658 619
489 344
920 328
729 344
479 944
655 1337
6804 11561
281 1186
413 437
499 277
729 8162
1269 592
4118 2162
2374 425
305 8770
631 350
3631 283
399 7818
645 1253
395 1740
1621 4645
386 337
11569 5601
390 78
1484 40
2003 441
419 1364
8006 332
953 589
757 387
1222 477
1334 78
1044 298
1173 391
1001 529
83 631
830 863
1613 7316
1448 587
2924 337
860 367
1762 283
473 9886
300 347
267 2152
3680 882
515 348
1949 264
5270 303
336 661
306 2540
268 648
2827 300
938 281
9795 444
3971 407
350 348
1430 960
986 301
468 705
1611 470
3178 300
256 290
363 426
468 1146
940 3483
1352 504
391 269
593 1212
517 359
391 1229
689 444
6897 768
382 689
477 487
2555 440
509 600
473 443
3085 78
711 815
1318 427
721 813
1589 887
409 823
2421 808
482 298
1362 358
1001 281
662 3606
7176 537
558 78
462 683
661 2046
1368 3232
1838 110
303 344
1677 572
439 511
2931 294
3949 519
379 666
383 334
298 1422
495 2742
2892 283
4680 712
647 1036
320 834
662 2690
459 1525
391 309
1479 2197
3129 387
1049 712
2855 264
613 415
386 8586
347 361
866 544
354 290
1521 599
433 551
4215 2747
2060 1746
1357 1957
594 689
399 4997
10038 349
803 977
8399 12558
675 282
1988 536
535 395
3844 2755
387 1372
699 3114
40 1005
645 1941
586 977
1587 41
3657 1284
7322 2470
374 4329
1424 373
297 40
2446 811
727 1252
275 600
1513 12507
1297 537
394 420
270 279
2365 750
772 862
1474 1080
1839 264
4256 7097
369 421
6798 115
320 825
939 2136
305 1484
292 347
1196 423
264 508
507 689
362 882
83 4230
524 441
388 993
1352 631
436 1516
1474 590
6664 1685
402 40
4392 900
3684 447
2618 645
579 415
372 544
804 294
729 3462
6495 499
462 1722
628 283
486 448
2850 1406
3682 110
623 1335
534 385
1004 70
1832 477
5805 115
950 757
1113 438
427 1831
323 1884
50 1050
596 304
4373 1418
401 656
888 313
5294 3875
281 1354
466 370
50 974
7822 428
8227 429
1535 110
3121 294
606 763
623 2011
669 709
1160 2746
781 2806
817 380
1028 264
557 701
2111 481
820 531
518 262
620 596
314 79
2374 503
313 3733
904 847
1217 78
1572 4697
719 809
414 2347
288 681
3244 399
626 1605
2577 1219
2073 455
2778 2483
651 434
2902 282
108 292
415 78
4194 3137
329 590
1215 307
303 343
333 868
2493 45
9073 452
40 1440
1462 1022
843 2040
854 378
267 4155
306 2749
1199 738
403 10541
12140 1130
11276 1030
2315 646
1306 307
1040 421
920 341
1924 472
268 1073
2755 1980
348 739
3710 316
822 883
723 798
507 412
301 371
997 4928
339 566
330 4165
1291 874
1717 2661
5893 610
8621 115
1743 5244
436 390
3190 552
1917 732
481 1081
3481 291
1456 283
564 1210
399 269
451 282
968 361
2093 475
7227 277
724 268
1001 538
1023 1191
4104 1826
1295 8270
305 899
2738 530
812 911
488 878
3423 497
390 6849
435 1851
556 353
499 302
269 350
754 2372
2551 584
297 1464
307 622
51 2240
2050 3632
2413 344
676 480
1457 983
11736 2755
1900 484
762 295
390 2912
1134 339
390 1037
631 260
1124 679
4095 825
429 1030
8667 324
11741 1335
111 412
5722 307
385 1822
6374 2794
333 356
325 2446
329 933
436 3441
670 867
3548 110
360 618
334 2648
316 587
260 1603
2051 379
4722 307
984 2391
41 380
646 1687
379 363
295 472
392 4215
1383 115
2551 1210
292 1738
368 5208
388 470
904 79
4750 1605
2063 1396
2739 268
2430 260
484 2997
6867 51
3287 2457
730 283
533 79
8888 260
336 1770
347 973
1779 1536
2063 635
604 331
1476 902
2454 486
1077 1579
348 1174
2314 282
1029 2415
994 473
4021 900
820 571
2415 497
1642 503
264 434
1114 326
449 376
887 465
685 5333
6508 345
385 1257
525 2409
433 1009
5482 1390
646 424
955 1196
1784 486
861 336
430 2597
352 737
2475 445
2904 900
385 472
473 928
2735 1169
333 690
1115 1030
274 53
959 308
939 497
50 3309
388 1833
588 294
860 538
5683 800
374 8696
5006 545
279 6577
1038 498
945 420
1203 294
1126 3414
677 1014
4260 1985
5025 257
333 944
507 861
3363 418
261 110
477 78
839 1393
976 350
3433 259
367 83
433 343
326 859
1132 361
267 3325
1302 283
776 497
2514 386
1909 321
792 350
662 396
1565 8317
388 1229
290 919
110 298
454 569
482 1490
4190 451
686 1016
679 440
2961 2910
332 281
3083 1798
6017 960
816 49
4681 4162
1277 1497
751 1149
7523 330
305 1402
820 881
496 581
574 350
818 350
1685 705
432 1081
1432 2965
10674 991
374 403
1371 425
522 2614
330 1308
1323 291
382 2458
851 294
528 628
950 470
2048 956
2721 5092
3501 303
740 115
333 610
621 1257
1159 688
2225 111
471 545
390 1434
558 3698
379 881
297 1061
3834 697
1867 519
747 453
367 826
748 268
1386 6019
663 1263
672 330
521 411
1788 1363
629 347
2903 283
390 2354
543 290
353 443
1783 777
1288 8102
395 1877
306 2848
9708 1633
1522 292
861 889
412 1941
1384 350
2934 897
325 298
569 2361
685 576
576 600
585 455
1092 440
2131 1828
585 832
3963 282
334 1308
3877 1210
3714 313
268 743
275 2152
2456 664
575 2654
347 636
334 874
373 2849
1569 6772
2509 6813
926 356
4322 5252
4931 452
4255 4670
78 396
2221 1137
792 347
492 1862
50 500
1375 260
701 636
640 7037
620 459
1889 440
1353 110
1342 610
6374 2441
6296 6843
472 279
3682 257
431 1053
465 1925
299 2573
529 316
7972 577
270 555
1513 2452
412 1062
2289 1347
430 83
456 395
608 806
1390 1321
1673 374
300 728
1086 1260
732 5077
1607 3022
633 2320
1823 316
732 283
6888 429
6224 111
2508 878
1889 636
281 3355
533 474
12389 2290
8991 262
79 459
344 1765
5268 354
577 671
471 115
302 504
991 7137
1701 78
316 1148
9668 607
515 650
597 1418
337 973
2956 3200
6057 1985
463 1093
3908 591
9141 393
4738 417
307 1387
412 1262
415 727
810 2276
875 264
1582 2318
2364 5574
486 347
401 487
7271 4670
283 3559
8730 343
611 45
2733 110
297 1956
1417 326
947 294
50 996
1375 1470
302 2852
1278 367
369 3004
1010 365
502 1596
7305 301
400 1114
9487 334
3726 115
348 306
341 301
3346 855
7463 637
1241 6744
633 4199
2219 1934
805 2011
575 2236
860 437
1784 851
2501 769
369 1428
382 3071
1408 1853
401 609
5032 2252
49 737
279 498
548 499
3048 468
1133 555
835 1250
749 1140
2158 2434
468 2255
597 1093
374 350
841 516
2191 397
862 441
1903 6326
1143 599
3027 639
742 491
555 294
2797 635
389 590
4746 7903
288 51
8570 475
550 433
323 7338
3438 403
3724 412
574 83
316 1283
1094 673
1095 1152
1226 688
707 110
884 487
1128 14197
1931 297
516 3127
314 341
291 331
289 321
5498 599
281 2857
775 2368
1034 1067
325 3065
362 514
3515 337
1466 538
535 51
300 1322
382 3460
356 4040
710 309
2373 1576
3019 257
1683 1066
1173 279
290 845
1046 1301
1439 1849
1023 843
1986 330
975 4790
316 4191
1295 9751
547 719
279 400
344 1833
2631 689
324 4982
1182 341
3107 370
884 599
2026 298
1990 3274
7620 636
3077 356
1327 1482
533 709
1942 40
11164 496
262 828
595 498
410 3167
1038 1305
313 571
3409 591
1332 2336
307 611
298 5097
3391 1000
462 854
343 1912
3972 2888
1726 5962
412 753
1358 2140
584 303
791 712
751 9792
313 572
384 607
549 1337
543 2469
2988 454
3146 925
723 1100
510 323
2913 366
740 755
3289 2886
432 600
1858 834
663 1620
115 511
300 664
279 1370
340 5100
7076 3067
567 3590
1520 61
306 281
1601 347
484 4618
1611 475
4549 732
300 2220
4185 383
978 1879
531 683
471 295
287 2589
385 1074
1775 791
1182 1511
1685 1097
1627 704
452 432
479 875
2533 257
323 2106
4140 6841
892 1874
1098 607
576 270
316 798
2328 4062
1479 530
356 3544
290 1134
385 799
356 480
281 334
1133 1085
514 1120
2388 2257
820 954
675 283
489 925
662 10723
487 628
115 671
1202 79
51 476
2201 481
628 477
1558 7791
1361 423
1024 1195
541 1960
1376 679
2012 302
694 2173
1348 4459
3688 111
40 1979
2685 618
2515 362
801 1890
494 1163
283 1489
452 336
297 432
2723 332
433 737
347 432
516 303
975 290
4521 3072
5416 5462
1133 1043
1145 284
703 2298
452 589
634 834
760 1930
10481 300
3286 2088
6237 492
3948 281
281 591
694 458
5428 571
3802 50
1203 3323
5667 6659
770 452
7319 6357
3257 568
1591 3973
412 2381
633 2199
385 946
815 50
2221 320
283 936
1142 424
587 983
323 808
533 396
594 458
258 407
8606 286
2528 276
574 983
466 337
350 1072
597 1407
519 79
746 2199
499 51
460 1477
388 475
5929 79
522 1060
511 496
389 2232
1597 4386
1375 405
618 339
543 1141
350 1232
7379 2184
281 475
431 4309
844 303
281 1298
1428 427
766 1551
579 1682
2505 298
2071 302
880 391
3179 409
257 2495
450 53
281 1282
270 2252
841 379
3092 304
918 895
936 403
5822 40
450 883
3981 1111
1972 449
8069 1327
449 283
4392 995
510 541
1938 322
1807 1243
2296 260
613 339
4887 977
5344 529
502 514
3092 2299
2695 302
5888 1483
4457 115
12498 1700
923 458
2101 6319
4919 897
1184 276
115 558
875 258
329 308
5377 1654
1120 279
1657 2867
741 314
2682 259
5210 610
1038 5993
306 794
5144 449
3093 631
655 1602
4789 1401
695 83
1079 1896
6047 540
1590 303
1367 1699
358 301
509 45
1375 287
391 336
321 1307
384 622
2533 288
2158 276
2451 1633
1730 820
778 8412
737 7664
330 576
2804 905
5684 356
4085 3627
1422 898
1054 5373
508 461
802 4284
83 330
663 1483
3069 561
1570 283
3605 111
4504 1087
277 369
264 1437
351 10174
945 834
5454 303
767 257
547 683
7075 366
7500 115
9314 773
6571 367
6952 257
1462 771
566 1531
1379 260
1818 83
330 1383
711 497
295 434
295 571
3799 1237
471 696
378 3656
465 361
332 529
1772 8435
367 3362
390 3169
3315 2252
383 282
5114 307
508 775
452 7857
879 1080
1467 1771
1079 1206
1086 1196
10201 467
1513 289
1862 290
1170 434
9330 3339
15247 111
1035 433
4879 2331
389 2883
487 718
367 519
3769 1188
3440 110
510 1444
10552 5121
851 302
1461 361
850 991
674 1158
1332 1304
783 4423
1713 454
547 508
78 834
1946 389
1256 430
391 2615
399 1571
8444 6969
3865 110
893 70
1107 2247
1473 1950
1355 770
304 1223
389 1636
1109 283
7099 388
13848 3498
550 297
461 324
5475 445
283 659
1044 350
522 894
1113 546
648 2742
2348 1206
6977 3097
480 823
993 581
1042 399
383 427
981 1647
2020 283
9892 1048
1390 1130
1348 5398
3901 817
360 1219
2473 294
615 427
1072 302
78 440
1830 2714
1380 676
1560 970
845 1047
2660 739
932 302
530 681
1559 361
470 440
2549 111
3667 2453
362 2788
421 415
449 727
1280 5374
385 3237
8278 1381
1047 448
302 1312
1049 110
281 3193
2958 1308
477 441
4782 1888
459 1661
6090 9918
631 440
1839 842
3179 70
3774 900
4431 3428
329 441
5456 498
1486 591
334 5122
1143 337
337 344
111 800
389 4068
396 1045
13892 2114
550 2670
2121 2677
439 719
3476 12107
806 538
279 534
2014 762
347 1918
953 1419
2180 1120
5104 829
329 911
2260 552
1967 470
686 662
1136 363
986 774
516 1359
357 626
530 482
770 6876
1974 718
1356 282
545 434
1966 334
8301 8112
616 394
420 329
979 2665
343 959
482 5502
368 2401
802 977
628 259
382 6849
1535 380
754 2004
518 386
1094 2661
388 480
580 349
1897 784
487 675
777 779
2006 637
908 3061
2326 4892
1225 529
543 1081
433 9399
1400 3617
732 627
15399 1782
2580 744
2620 302
4208 1689
3665 452
1755 288
12776 702
638 1552
5578 2669
926 2732
770 320
1731 277
439 876
685 1276
805 843
1559 470
2602 639
6495 332
759 780
533 794
5661 577
390 390
1220 297
2691 283
316 8134
267 2426
517 3087
988 653
638 635
369 2612
6021 607
292 790
587 3079
6113 264
5749 6025
2797 258
1216 998
377 1654
347 645
517 1298
508 1794
13130 2055
1197 111
324 4607
1429 344
83 1297
359 2518
1361 383
952 300
2890 995
560 279
1375 6764
436 297
329 2712
586 1874
2297 14026
4143 1253
893 692
404 2261
2266 909
4160 1030
431 1030
3589 437
1351 374
3813 2600
2312 307
11051 1072
1069 569
463 855
1281 262
379 719
1105 819
404 518
528 1037
864 592
2374 413
1889 500
866 44
6409 538
1299 1171
268 264
3156 443
797 441
9716 960
788 415
427 1061
473 1009
781 5784
458 3463
549 1117
1364 338
483 399
479 2213
583 339
2895 40
1678 762
11827 78
277 258
1488 2312
10022 1406
2051 568
559 380
620 399
329 3700
386 344
533 546
7931 904
3467 284
419 3235
412 720
330 329
3952 1533
620 434
2028 269
5729 441
2503 1536
1133 337
509 1331
405 7165
630 851
379 1108
458 8172
699 3137
79 1499
967 554
2013 336
378 1751
297 1314
403 433
5949 2391
383 6625
412 415
1745 491
482 3062
3333 1285
488 843
378 6002
2791 1097
643 79
4944 270
476 79
367 1099
628 1065
683 1033
340 1169
2317 326
459 347
1213 344
1529 324
435 2854
5558 4984
867 49
83 1902
274 785
2395 354
6544 622
662 6105
350 1485
1363 111
1531 2129
1315 498
1290 933
459 1002
1611 391
6794 332
4255 8975
1113 606
2448 279
369 428
518 1586
368 387
1875 570
788 434
40 1826
359 3748
306 2688
1385 2666
965 283
5716 496
839 1310
376 1738
518 2664
378 4071
620 594
398 61
1318 2666
463 569
1386 334
1089 306
4932 6067
303 1285
343 1506
608 3101
547 1134
795 609
447 110
533 983
385 7710
3044 283
3049 480
458 2334
964 260
4146 384
471 572
496 1400
492 5360
709 1339
3311 5478
40 1738
2041 361
1075 629
303 420
4373 367
7414 774
279 2507
421 782
1016 1640
296 627
1400 437
2126 294
723 283
873 709
443 1349
79 452
2415 2182
110 697
3157 9742
479 481
465 3016
1414 435
267 1959
608 14879
347 1308
257 361
1173 390
1350 306
667 596
658 3360
1916 337
306 73
458 498
321 12954
399 378
368 1143
816 8289
407 380
608 1034
480 1276
4362 692
3701 1664
390 2873
296 578
385 1372
302 475
1511 428
4228 558
477 637
1244 415
574 496
11140 269
1021 1140
2771 279
5677 3750
874 819
6417 1276
439 683
522 5944
428 789
350 591
1211 1695
802 256
53 270
3657 697
5424 421
1001 437
892 11104
10430 9774
560 1244
1264 303
1096 414
691 1237
2124 1825
533 394
2622 363
1378 283
1029 388
50 527
2060 2241
307 653
2509 279
83 893
1083 505
279 616
511 963
382 701
306 636
454 887
1096 334
2225 2877
441 3984
3966 331
4276 833
51 680
83 2031
662 912
1028 4484
2081 341
534 7773
749 934
534 1962
298 736
905 1316
439 271
640 2498
325 3308
1613 1010
8364 304
377 79
428 1058
452 7185
340 2094
292 1143
929 2304
412 300
667 339
306 497
301 1474
1867 443
1915 1071
1625 396
719 1799
40 1010
306 1743
516 83
10711 1436
2588 1708
809 2752
725 654
1453 771
845 283
386 2354
1558 471
5137 671
470 637
839 290
2822 78
6643 303
9522 349
14973 1923
1527 1527
5318 8529
297 305
304 637
1806 1374
1035 303
50 268
611 1097
399 452
663 2919
2449 704
12512 1017
888 110
78 78
264 843
381 283
1201 496
498 2390
7164 1665
2131 614
462 876
3846 7148
1224 832
3155 256
3699 476
523 380
1398 3231
258 481
1357 7213
3444 258
758 78
5304 468
467 437
4587 2406
2060 1887
1733 302
440 592
1501 67
11586 4280
6419 4819
7757 447
1841 455
1189 589
356 297
1864 696
482 616
632 385
615 344
1648 1985
382 2354
83 488
710 354
706 1091
2460 2118
657 1926
760 257
2039 3678
313 558
374 3577
313 969
3105 886
2418 302
5468 732
494 332
83 641
771 282
115 1111
347 1159
330 2648
10797 264
1150 1740
439 930
566 478
1739 672
1181 269
501 2848
2720 519
1988 722
2711 3394
1064 1030
1297 257
4650 324
484 2224
558 983
4588 1031
1642 3824
1967 279
940 887
9000 9044
323 982
999 2197
290 941
3165 337
292 2159
1057 9287
390 3071
968 1086
387 3237
2757 282
591 385
1254 257
452 913
279 6670
1027 897
2302 2254
304 719
1059 601
2050 1646
443 2533
2047 659
594 292
1917 1759
1024 1157
594 717
1068 631
260 4238
2797 331
15080 3397
524 297
1366 437
4362 1112
678 648
293 277
292 400
347 1072
531 720
725 360
1069 379
2900 9029
564 896
339 2607
49 2511
670 514
296 1455
281 1067
755 332
410 844
52 284
1963 370
1245 782
7130 568
1827 454
1611 388
277 928
863 1929
2441 467
890 3061
295 290
7463 1759
477 636
452 1223
2557 677
418 1319
7619 960
652 78
3675 298
472 283
368 385
549 4272
511 1005
14443 671
522 1721
7318 51
962 578
2160 260
726 1010
5246 2261
738 449
4325 344
1364 903
2757 300
8401 365
286 2253
583 982
2763 429
1613 3807
520 292
1105 79
396 834
10176 734
2723 40
1236 283
543 110
3549 9404
7083 493
525 1532
582 655
40 4995
467 673
332 1062
964 755
792 4783
696 834
881 260
2270 545
440 348
1717 1929
5150 1210
430 1226
370 461
522 395
418 1152
482 297
2419 432
1204 2004
2244 4225
8208 337
1215 428
599 761
557 470
2078 268
522 2760
40 612
817 1015
498 628
3263 5879
1121 532
373 833
1592 404
297 717
9546 1205
1057 7829
1139 261
661 637
508 422
9504 269
422 1278
775 567
387 933
699 527
395 1095
6021 11596
384 980
632 924
2144 1236
508 1539
400 520
4573 825
2059 5295
1878 360
827 1470
939 2620
1671 78
79 659
766 849
5683 1235
4404 468
3602 78
1165 833
297 1702
1245 49
1324 361
5451 776
2806 428
5954 652
283 1303
343 3070
342 770
519 580
3206 3850
473 11251
608 2021
333 3050
326 928
1261 115
51 3015
2497 689
1154 1015
517 4928
49 621
268 111
434 877
479 3072
508 458
1966 354
1481 807
2670 7846
516 514
2532 4193
734 51
3277 1242
432 607
523 115
388 336
2100 412
321 8427
325 297
3651 946
436 1185
1133 629
4454 349
1660 8625
2239 378
1046 1167
4558 1008
304 1555
356 2751
2225 2661
1120 257
78 615
432 373
4931 751
1573 786
975 627
2102 639
2038 481
3231 855
1342 1144
4512 497
292 1922
781 1995
1079 2697
15231 14483
678 679
1386 2887
83 10193
1954 1220
1473 998
2809 833
388 3511
668 373
267 10896
864 1705
382 1145
878 282
918 415
2132 1308
953 559
1478 483
1165 49
845 1121
1064 559
1460 618
576 343
370 482
1635 1206
507 1497
1579 322
562 404
1343 367
79 1955
675 386
1866 337
1704 279
3420 762
645 594
3249 3006
3244 386
608 700
1615 1633
504 966
49 627
1467 1507
806 3394
2992 481
314 898
5003 727
382 2873
721 718
10918 3414
321 1577
1424 11323
327 354
530 466
1224 455
1280 4135
5476 688
435 2662
367 297
5716 1338
1714 279
780 676
347 2925
718 559
2114 307
51 440
270 1005
1302 6176
1020 294
802 287
1198 330
3584 498
674 44
591 2241
44 1460
2911 1751
364 401
1752 3712
1211 939
854 1724
468 9055
3294 610
569 721
2161 302
307 470
442 1440
1079 882
511 329
325 799
2132 79
599 79
410 1432
594 347
470 1257
1080 7898
1203 353
3572 8875
1596 432
4294 447
460 1461
526 1389
622 329
8876 50
3111 1030
330 2767
1612 354
411 3915
1769 874
13889 343
110 677
2649 283
953 1043
1086 78
595 1487
289 757
1931 279
302 689
5113 577
504 403
6603 405
2435 1208
1256 790
679 79
588 268
670 5539
498 477
553 2193
357 1468
5910 492
1129 1263
1288 805
1110 954
672 4790
482 1265
2670 401
713 328
700 380
2297 8291
2285 474
711 636
283 907
1113 337
4988 331
371 476
2748 643
391 993
472 763
2265 454
785 882
307 1062
884 813
4252 486
630 541
589 420
1121 1750
304 2978
440 980
469 403
554 574
6362 303
1138 3781
294 1468
600 3230
1328 1015
304 574
688 269
1875 4086
443 651
1466 367
569 448
2219 497
4168 270
10284 341
759 323
1088 1141
756 6880
550 1229
2894 738
52 397
376 445
277 657
932 300
304 1082
3866 405
1075 498
431 3057
386 1072
2212 79
641 798
1850 290
444 383
390 2030
340 995
942 352
2056 626
531 515
749 9154
390 480
264 1968
360 497
961 415
382 390
3086 592
433 433
564 1093
869 411
836 1117
1046 1989
1971 331
499 326
627 478
1277 1578
3083 449
2340 1218
984 1545
4393 381
479 313
1224 544
673 262
1777 447
2081 337
434 1085
480 1998
3156 361
475 344
2318 769
330 5122
1541 3973
517 941
550 1551
665 366
500 470
304 959
4170 1639
5112 505
646 276
330 1793
2154 257
1519 536
386 1227
269 2116
294 44
3799 569
494 1669
556 941
40 61
956 487
1807 1947
404 1542
805 1535
5637 300
3765 496
1923 1364
362 3647
1371 453
9697 41
2183 1935
477 617
1277 1002
1716 257
390 516
812 599
2606 441
1031 1230
277 6186
498 688
861 2965
608 3081
1409 421
1110 881
14034 5465
568 712
484 11852
400 1326
382 7032
615 1288
770 757
1517 1497
467 313
885 44
1837 337
2021 281
1643 652
842 2462
431 2049
1421 395
2283 887
628 300
402 9714
1513 257
517 1243
567 1057
262 337
115 429
1521 78
1803 378
309 268
349 515
3340 1597
673 744
1202 303
425 262
907 1184
8158 573
893 438
1004 872
2187 648
2347 739
861 4459
1679 83
2128 1320
1049 4198
1351 461
362 2030
2141 2642
1072 790
361 2176
477 344
1009 350
1361 1260
7752 384
2184 447
1213 45
956 403
1622 2566
330 1055
1194 294
632 401
4751 320
281 1649
1484 264
1615 2867
2410 677
6778 393
4392 571
2473 7974
787 302
2108 1022
453 353
474 78
456 115
16399 11078
347 4541
303 394
5174 110
305 4319
333 115
480 1698
731 1492
923 422
267 984
2509 67
296 3022
964 340
444 283
761 394
3236 493
10039 610
78 1408
485 259
4596 449
1012 721
300 360
854 329
1773 410
716 2230
353 401
395 268
4702 858
3091 378
9736 607
9218 2372
1519 609
275 2684
279 603
5553 568
13458 773
870 538
1139 9731
386 1366
258 875
935 282
469 7601
480 1259
1041 936
3624 800
459 443
1946 899
482 261
625 2252
534 654
323 818
490 1317
307 881
6121 791
1075 555
6628 538
841 356
421 1981
470 487
378 4300
796 257
347 497
2141 1870
5580 887
454 326
652 568
953 336
6314 622
281 645
3497 397
1731 1689
373 4239
1026 848
381 1440
353 2770
6924 538
430 1359
1527 260
764 434
391 1833
710 314
1660 4045
465 590
275 14872
1624 415
305 9762
6011 610
1132 360
473 2012
774 279
44 337
1352 361
390 514
575 1285
3703 452
899 294
304 521
258 348
411 2968
347 1146
382 2156
2319 786
810 279
3844 619
16503 3075
6442 2066
1626 692
1834 3421
494 441
729 2921
271 336
1049 2233
1092 1660
3939 396
352 10245
297 1406
1745 1947
316 2962
733 795
2430 648
1958 1460
415 40
1223 1196
11963 279
599 391
1900 1183
2831 476
1859 470
629 645
10083 258
550 8981
3481 1584
6606 349
4208 3720
722 1043
903 111
2108 283
564 1418
759 1237
3112 361
83 1813
9058 587
1004 832
492 3767
1543 1968
587 629
8283 960
5118 1078
549 1243
415 2287
1070 10768
283 709
4201 5574
3528 378
562 753
737 606
305 1067
481 1396
343 2392
298 819
1563 347
2191 40
303 2807
954 283
2429 405
378 3859
5677 314
518 385
633 2076
3679 540
78 608
466 557
586 934
409 2321
884 78
1600 348
3113 360
1330 3601
1502 482
1083 304
2640 297
2310 1257
795 294
4434 281
1109 427
2125 427
1020 288
726 2357
15719 880
5614 303
362 1637
1424 359
350 7272
1675 3641
297 4022
8644 974
1123 8385
465 846
1564 378
1750 3438
410 1453
1204 684
11168 1326
4663 403
655 40
889 367
283 1391
3464 7202
3774 995
510 851
2139 50
433 11573
387 1631
1049 111
523 366
828 496
453 260
566 819
388 2615
296 447
754 6290
863 287
2191 651
2563 1011
1830 12506
645 895
870 356
550 83
547 1974
2451 1673
3801 606
616 1747
379 1243
1784 2790
484 467
518 3820
379 930
323 1134
2122 396
14991 1048
305 326
1402 259
620 521
491 555
3505 2894
443 2335
1481 41
1545 115
777 584
258 3806
374 347
1026 321
566 2452
4323 535
5816 1235
1196 259
83 433
10018 258
1296 444
5641 320
274 6257
1198 309
5771 257
873 546
535 13598
2966 1545
12529 796
1328 1388
4587 735
8689 277
1069 584
436 3616
2631 1044
380 676
1675 1561
2266 8385
332 1997
4204 282
443 3790
519 257
736 521
334 1991
3139 300
1615 405
324 594
890 2704
290 834
99 1691
325 4068
783 1140
390 701
910 434
267 343
1774 1268
434 1148
615 1190
733 1633
720 2118
1953 7514
1295 3195
4361 2088
3129 7393
929 283
1179 4645
1398 10477
1290 688
8943 427
4566 67
3638 287
626 2168
1805 2257
1233 347
3039 617
305 13054
391 1494
3765 606
516 7693
601 8172
1281 4068
301 2939
8111 1056
528 297
2063 1423
4395 5328
270 1305
562 627
484 10251
2855 1101
1564 329
1900 601
1075 8181
4841 727
83 1133
300 1821
1622 382
4579 300
3501 383
1601 350
387 599
1299 978
443 587
1010 332
353 8427
6891 51
2720 847
633 1263
1021 988
3871 10132
418 2062
545 594
1006 115
395 1732
2972 945
1325 295
522 989
1181 257
489 691
268 447
854 337
553 1854
5038 970
10676 399
723 1487
2622 4046
13073 363
4218 298
2225 1685
615 426
388 837
691 569
947 288
708 4982
3066 268
950 837
518 361
1189 13670
8793 433
1199 6774
586 4272
1700 283
1681 257
458 1628
587 618
4085 5452
4979 637
283 519
279 867
629 651
4724 1631
1378 1022
453 268
2970 536
410 387
393 1174
314 441
938 3953
1588 337
1758 79
749 2902
951 1676
2634 507
709 4248
4396 41
2100 307
475 410
1080 79
751 3385
436 3349
300 2229
487 861
11494 1140
726 777
656 337
682 396
432 349
611 722
3747 421
436 1359
1599 79
641 1045
645 434
1165 302
2656 2184
1351 306
297 618
260 3241
3413 405
350 1810
6289 52
2791 303
305 1968
8400 300
2617 2792
582 1073
10813 762
726 1510
643 303
5767 331
1087 496
83 3160
899 2573
1561 341
1805 4012
484 3686
1723 3059
734 326
410 496
8603 1180
15775 2906
379 845
1104 1191
1755 294
4021 995
596 643
1105 478
1005 546
1036 616
490 9304
334 547
292 279
721 682
661 477
475 555
430 4183
268 1396
4280 259
1277 498
2063 1056
2225 505
1657 9672
999 2068
5164 420
471 1081
896 291
15932 867
1127 1103
2719 284
882 302
437 689
2126 79
494 705
511 259
389 3268
2640 680
1378 652
831 817
779 594
473 2359
330 2207
2138 524
83 486
1032 804
792 2939
775 11199
1429 555
632 387
2050 1516
262 724
1053 441
2091 441
888 1076
707 739
268 386
379 622
454 1639
722 587
465 3888
430 1809
1302 604
3198 882
404 501
608 2998
4898 452
389 14411
492 766
602 722
3525 329
388 1026
347 2883
514 440
1277 9928
1917 637
686 268
638 1073
390 10359
747 1144
387 5358
297 817
328 331
5033 6831
611 1492
297 2616
1954 572
5661 52
716 1683
1500 3014
297 1578
51 1013
4744 50
1154 1319
2966 1708
390 7568
690 466
83 2449
531 459
269 1448
73 341
1114 448
441 1393
667 818
1296 1365
2299 290
1351 2196
736 594
1293 2471
392 1482
462 508
1143 41
306 732
515 10157
401 410
1038 2696
1341 45
271 458
2290 704
260 1275
4408 1779
929 6139
485 9304
7332 1533
1706 405
466 83
287 1666
501 2474
388 269
300 2245
294 965
497 688
1572 313
719 352
2221 79
1154 1073
3122 472
339 4244
378 6568
10871 3171
5104 607
334 846
2637 269
1858 284
618 401
1712 2205
275 6682
1693 684
268 343
504 798
440 808
2958 427
314 78
979 433
1244 697
1907 427
1077 366
3100 689
1742 530
1648 79
1139 259
841 538
1279 5961
657 9074
287 922
1446 387
624 1056
4408 1482
297 615
334 4248
662 350
4758 282
917 1720
468 770
1928 2134
2359 559
1521 427
1439 307
5967 592
528 1188
3359 50
2041 316
3419 380
1781 455
861 935
2770 688
2411 559
4761 454
3250 833
1123 115
1789 111
2686 507
325 959
2100 428
1522 4516
292 551
1473 380
6363 788
2558 338
386 993
9086 1472
1450 587
1953 432
1341 540
391 2770
4141 330
13185 713
372 1468
574 1435
342 6164
83 462
6837 833
403 8265
669 441
329 742
4874 300
5625 324
2670 433
7869 12158
78 1193
331 689
1026 290
4403 307
1034 1126
382 8443
634 609
279 639
4708 875
17073 11722
4829 1721
467 268
1375 894
472 1540
459 1207
950 2717
664 521
966 2010
13849 326
441 587
470 259
719 681
410 688
400 1334
1115 410
4260 551
751 8076
3372 601
290 6255
333 2889
7379 738
5954 770
1569 295
606 268
748 1396
3714 3583
659 721
543 949
8077 5008
435 2773
810 7237
748 1319
431 945
1248 79
1312 555
1990 800
7386 257
1155 813
1284 269
590 40
2806 307
982 443
4779 1186
386 2240
306 1768
301 290
78 3982
338 79
411 1144
50 763
675 1065
1123 425
567 6679
290 876
3131 524
83 1862
514 79
2656 762
306 551
300 2971
699 394
1903 295
260 3588
905 449
6603 298
367 336
1217 590
379 919
557 504
864 712
716 429
4788 2943
1620 496
820 545
6280 895
649 1920
400 815
860 529
1279 1017
47 264
302 1033
410 468
1646 79
879 2023
2735 3304
5698 2263
1842 300
792 595
3515 498
2740 531
1296 281
7910 1605
731 2393
8103 1825
1731 1169
1884 444
5816 800
3635 1857
9642 713
264 594
339 2799
5651 264
729 7569
300 764
4104 1979
4476 336
4113 454
387 1955
283 847
494 1177
477 468
2007 579
10272 969
4064 111
2090 1877
509 1062
3802 326
623 1849
1023 1335
337 941
302 360
1469 974
258 1436
2035 388
316 4206
1306 3906
467 358
283 4784
2631 976
307 1111
581 579
770 1009
1954 531
1519 1153
721 7008
395 350
78 785
415 292
1024 3483
732 477
304 396
465 427
543 674
2944 300
4025 3061
1770 3392
260 616
866 872
430 5572
4395 551
387 799
914 555
863 892
385 1085
316 3659
3604 773
1796 9400
528 7135
287 769
50 2214
448 282
925 2254
11807 295
5684 2261
382 1142
913 9969
738 584
873 497
433 2466
683 1085
488 680
279 1373
597 3841
334 4329
410 809
421 1530
260 298
923 482
463 1262
1628 334
4405 472
1771 916
1003 332
770 751
528 1935
11015 844
3146 662
457 13330
5527 765
1970 3046
2723 1298
507 590
1795 424
6053 307
1508 287
437 489
1756 432
2820 4056
387 4356
1353 1728
452 1146
7427 905
730 394
979 1252
562 648
348 3110
1105 431
433 6479
1961 3622
926 779
3096 829
537 302
479 687
652 6876
10318 269
1815 258
890 2504
516 1072
2004 1771
1565 1269
456 573
434 519
1065 3235
350 1755
79 751
726 463
264 2929
1527 739
634 476
316 2335
2367 496
533 337
1500 467
279 4234
1291 283
1327 980
726 11702
1382 2392
356 1282
1818 1370
1940 551
3681 676
324 1067
352 573
663 471
2740 545
641 763
683 1053
397 468
279 757
406 110
368 4987
290 7154
515 297
1291 580
7444 1596
2835 7698
1183 294
1089 292
1988 832
302 1464
9707 3130
2632 1044
1762 257
289 41
347 1014
79 1866
7546 115
2554 713
350 1282
2266 413
2309 490
3249 1401
411 5402
1432 1269
2058 804
710 3449
391 1026
3224 281
4202 767
468 913
1269 397
2635 1920
2512 974
3214 407
5041 454
1068 2455
683 1374
654 6422
356 3352
713 798
453 279
1610 879
422 604
534 711
2489 50
5401 260
1435 337
1057 13415
8978 1689
316 1623
714 486
701 1193
275 15511
2846 370
956 427
390 433
300 350
699 7772
851 289
2250 337
2307 282
1309 720
2331 399
742 387
50 3768
115 421
1151 568
1809 2465
1004 1158
334 3395
363 1662
499 405
304 2255
281 742
2953 711
78 463
1488 294
470 834
9213 50
618 1570
373 488
50 1215
257 889
541 963
1270 852
864 115
685 5604
9733 738
1572 287
2649 337
5288 270
1004 1112
3878 51
332 584
1217 416
329 423
458 2589
382 6320
6392 6836
536 283
427 386
4852 3200
777 1418
390 7032
277 584
386 486
390 1356
2219 2182
2107 4086
299 478
871 2197
292 804
628 1045
1061 496
812 975
2265 2060
271 8183
1363 380
4052 1078
880 435
4088 258
356 825
884 1911
389 707
2256 1708
593 44
3775 1377
10736 680
2122 257
511 2159
889 1407
450 264
729 559
846 692
528 2476
1385 344
2989 486
1885 2184
301 44
2865 331
897 437
283 343
365 441
7629 995
1726 4805
729 617
362 1162
1722 651
388 704
713 7564
4036 284
951 268
1312 498
296 535
307 2412
576 354
775 1421
452 390
6787 889
597 910
4281 365
430 3441
6738 277
892 2034
392 313
465 2823
2730 4928
782 676
452 387
3215 1482
3113 361
15605 6922
473 2873
1139 1355
301 1032
258 788
561 867
656 632
7533 330
368 1494
4981 3405
316 1074
740 909
2297 277
943 313
304 2068
339 804
759 1093
1762 344
929 344
967 538
2993 7753
468 1366
643 401
478 1055
1132 262
990 424
418 289
630 569
49 1112
2122 283
1761 78
836 610
608 926
630 780
4117 264
496 1410
8198 6831
568 1557
1108 391
389 344
337 282
300 2447
1057 1708
3337 861
1422 79
3485 297
78 489
297 260
4723 3441
633 989
475 1001
1293 1157
452 1413
298 1898
557 542
1588 498
658 333
1706 5312
428 486
4324 300
468 1273
574 973
587 468
606 350
1163 320
1106 881
1592 257
746 359
694 422
6427 2466
7179 6594
1015 455
1306 1365
297 1583
889 569
5585 6023
334 4150
307 2040
1379 1536
396 1310
2527 998
350 1159
966 5170
4979 401
781 7168
851 735
1129 2353
877 489
652 341
388 2156
3588 269
362 2002
1569 287
5260 50
347 905
5078 671
1180 424
939 2896
1150 628
294 1258
2151 921
1552 374
475 644
783 1500
386 3547
390 10090
747 607
662 2400
433 7647
6432 698
6718 2066
1552 376
4527 328
2673 332
558 3603
717 1955
283 1445
395 294
964 395
1152 1665
623 1637
3275 83
1100 282
854 257
809 1647
548 418
836 52
836 5190
270 636
802 373
2852 400
1885 738
492 12983
4433 1856
1827 428
2682 378
412 521
257 41
304 1138
3785 837
460 1522
297 1047
2059 470
2270 531
271 9374
727 2239
601 972
2534 357
292 1606
6028 331
705 79
115 795
298 344
1006 2299
304 3328
382 1103
460 3140
466 3569
925 964
1783 510
1304 1349
1122 1195
1961 3338
1761 70
287 632
78 390
632 290
1181 427
290 521
708 1060
1166 688
905 1798
918 435
1077 313
403 382
2692 302
4509 331
1752 870
1344 344
5684 538
698 465
727 973
50 811
558 4950
299 625
6382 257
376 1832
2899 989
399 8586
729 4531
2691 400
1176 257
2172 260
296 332
470 297
306 507
2650 476
1041 5581
329 8871
606 283
1814 380
386 1411
1421 13964
454 971
1394 1896
3161 258
324 620
491 1790
720 872
635 659
374 2169
873 498
2881 947
729 2179
597 1262
10807 4153
1702 618
985 520
4780 5726
859 257
5446 300
1717 1482
487 1927
1543 256
309 326
785 1098
507 7235
1491 832
432 1366
1787 257
731 6623
435 4336
325 2232
594 8193
393 763
5110 282
461 347
484 894
494 599
2542 78
10719 2887
323 1739
953 279
1953 5376
608 1857
4871 1620
367 2452
356 443
1320 6135
281 2902
1348 1257
4483 50
481 1220
83 8545
1334 599
302 348
421 1910
1513 262
3485 555
1272 437
297 316
646 1998
1958 297
1389 331
50 373
956 348
473 297
888 6308
1041 1109
11544 12382
488 1535
467 4299
267 12544
352 735
920 276
305 2611
650 673
1016 337
2280 767
2153 584
3496 1257
1323 282
2514 399
662 4129
4015 428
1285 415
264 471
631 347
975 8303
2481 429
15831 843
466 2459
79 1819
260 1545
2857 370
847 282
498 613
990 283
313 1387
1042 515
583 3242
651 492
807 386
968 837
765 412
382 717
382 10090
3341 391
468 950
1693 673
3846 603
5154 780
5337 40
350 3373
629 983
5527 577
298 923
1090 4682
316 3222
1627 291
339 1150
716 110
1774 991
434 1803
13665 867
5777 270
1880 78
593 928
647 2689
5406 2331
275 14358
977 486
652 757
1042 415
373 800
1946 1484
5375 11025
4180 497
939 5935
705 441
440 653
6220 1274
1717 295
13085 388
297 404
806 584
1508 944
1104 1098
1538 283
389 51
848 437
4375 399
577 468
4102 1247
591 3710
2666 261
770 613
631 1045
865 843
1891 283
1041 1592
1401 584
822 9186
587 870
1645 427
1439 454
1096 279
1466 356
1189 1166
421 2147
2671 282
889 779
480 1212
4746 12059
386 7818
434 985
313 1437
4375 1648
667 839
526 1329
2021 529
432 916
79 435
1004 1066
525 425
633 2567
305 1245
11096 1235
1334 487
2097 279
494 819
910 521
1191 264
390 1145
3796 282
433 1363
1399 262
4004 3392
685 1390
359 2674
400 5483
479 4554
2826 297
7700 916
791 111
6128 3344
52 1948
1068 2853
547 869
1508 4275
848 420
53 279
696 420
5126 419
1133 297
1176 294
2352 1010
412 459
3699 370
919 303
2126 288
405 1001
1139 440
964 6386
433 7185
686 2801
7282 269
550 350
3576 3820
623 2002
977 588
671 613
378 460
390 1142
364 268
49 329
1512 440
13104 10833
435 2220
256 5263
1574 394
7255 10269
534 79
611 283
8299 765
442 445
302 534
465 2694
415 514
759 1262
3470 452
984 2308
282 717
1364 1392
7703 300
12598 452
1344 78
1148 604
691 698
1222 79
1656 2777
976 347
2469 295
508 4105
290 5097
869 350
611 872
1535 739
482 2334
1326 79
1941 294
303 51
1196 403
1198 360
4733 898
356 386
1480 15950
83 3992
402 648
4744 857
575 50
339 827
990 444
2899 1867
9592 5361
1276 538
722 629
961 515
2256 2690
305 2267
320 420
4444 300
1302 502
294 79
1004 536
1767 599
2023 12071
934 295
772 269
1541 751
399 7762
2165 579
50 406
49 1215
4760 486
1384 804
983 7801
694 9402
108 482
3310 1786
5228 420
1944 5907
268 444
1519 455
281 382
516 1356
1629 78
459 1586
2311 2168
283 1521
1723 313
822 635
2007 1017
593 872
793 5992
1845 420
7076 41
1810 258
432 1141
297 761
368 3710
5443 10031
419 12208
5246 356
3427 1449
3845 2584
324 3751
1565 2872
608 1245
9197 426
2673 969
302 443
313 5057
421 1093
325 5502
656 336
475 834
1782 1366
1042 904
1272 529
469 963
1757 294
912 3625
2515 4448
4190 493
1007 427
382 320
1480 467
9557 276
2265 421
324 406
660 1809
568 970
533 1801
538 376
1658 260
404 1914
473 3956
2303 626
496 1051
809 1872
710 924
289 751
1232 1209
1034 1614
6055 307
708 5041
1294 1017
2635 1922
430 2077
1303 1016
3476 5879
856 259
334 2207
1712 7497
4157 2476
1926 1836
467 2004
1981 79
1170 895
754 1243
290 511
578 848
3579 283
1615 1073
650 610
329 4024
553 6570
419 2939
79 2903
7504 882
660 591
2052 1217
342 1487
475 498
4375 386
723 328
893 1035
516 9582
1058 466
3688 592
316 3276
363 1632
886 521
325 2302
2338 302
279 542
608 4755
344 401
2933 10196
1031 1048
344 502
350 1103
1241 7213
1336 417
2458 757
2791 438
5118 599
473 589
1794 9335
541 3207
10551 4031
12675 1052
2180 1022
3105 2698
391 4606
699 14501
925 2690
430 2630
1328 50
479 4093
2934 900
8645 3322
492 4998
1956 2032
967 569
452 463
1380 336
555 301
4695 571
479 115
10565 903
597 2008
520 283
759 569
412 1285
325 5553
1070 295
325 709
3585 399
896 606
297 629
713 338
295 3543
415 504
1600 432
1029 713
9352 903
2143 532
558 283
491 259
382 722
394 49
1840 405
530 279
940 1785
1139 3268
5255 712
568 295
419 345
3969 2053
398 295
8663 385
306 1420
260 2018
1198 641
360 2818
283 4263
1502 489
724 3997
44 336
3669 1181
329 361
483 594
4379 3994
468 652
297 1791
1565 1741
535 7896
2834 1261
775 2459
298 3917
5137 268
18199 7244
726 1197
387 1085
541 78
496 257
6087 639
869 665
549 1945
443 2667
492 4374
1312 1578
379 812
951 7067
950 2517
1107 887
1588 963
10509 3087
456 679
378 2751
3172 303
1203 326
885 832
1323 474
283 1109
9310 330
2591 1221
602 1468
1150 1069
5644 4633
2094 2366
2048 329
943 256
3319 348
378 2775
337 483
6570 454
14583 1469
842 648
584 361
430 4606
4034 552
672 2833
2155 79
410 41
452 597
5727 1331
1224 536
5104 4155
433 403
1103 477
256 1507
283 667
1625 257
1626 690
2405 588
386 1448
376 427
967 449
4898 3061
841 569
1384 7913
2653 3406
3429 613
493 301
5329 486
2730 354
329 813
8294 337
533 7916
685 3747
462 919
686 350
283 386
690 458
761 260
1340 381
968 7720
348 764
346 2321
324 5272
1165 437
8900 653
281 566
1141 403
731 396
429 639
437 387
1435 403
1368 340
3216 1356
302 1061
295 2053
987 9125
399 1378
468 510
7499 358
390 2314
519 386
601 3463
7114 282
4901 420
2072 3338
2160 2193
4710 4633
382 5254
737 329
3249 454
8494 300
13949 6394
1232 502
421 1262
297 1002
437 391
531 301
955 316
9901 2143
333 313
558 269
2146 855
718 2136
273 785
3949 257
1443 264
6475 260
4719 5530
1961 390
262 1082
1767 2936
5910 732
554 2867
439 1722
675 1033
494 316
4027 737
1271 282
516 646
2256 4515
3470 468
435 880
1057 14642
665 703
910 683
330 2028
1332 2595
518 10304
7559 8292
435 672
61 17245
650 4580
348 1913
1161 482
449 334
281 998
353 737
725 1274
303 1278
6476 8313
51 832
1627 606
1577 432
2051 3475
3704 83
679 1998
879 1825
4605 9166
3249 412
5587 361
262 1703
810 662
532 282
585 44
337 430
1029 334
4821 287
475 617
497 440
1980 823
1348 9416
403 1497
6475 573
4118 9418
556 627
289 532
277 762
858 438
468 12314
706 4232
892 7944
2122 407
1267 1369
1233 350
2487 302
343 928
7148 677
264 1165
505 800
836 1634
2944 282
6893 356
410 1187
666 294
6061 261
611 1066
1560 1856
3427 372
4047 2747
300 1692
586 3730
2226 297
3214 282
8518 637
110 405
1436 1370
3541 282
1813 410
1000 302
7028 599
1723 1906
451 50
1946 3870
636 365
616 6104
915 742
620 515
2135 282
528 2670
302 1512
448 401
682 651
650 395
608 5215
342 1475
344 620
3090 11793
2937 437
300 1174
289 920
410 981
985 257
1966 260
329 1035
7953 4642
896 344
433 7397
504 773
893 546
467 1609
912 260
2811 370
1571 288
2172 941
1109 599
83 6310
766 499
1541 4266
877 302
629 2121
1628 330
1306 3046
6809 993
871 530
473 9399
307 980
385 1198
15476 6015
378 2491
7957 79
886 508
294 1158
4041 769
1235 6573
728 904
324 3226
1810 380
706 564
307 2064
1357 2465
270 1912
984 2028
3633 432
821 1935
1485 302
8876 573
2578 344
1402 637
287 581
1438 877
3792 1494
1779 1076
323 840
304 507
5125 868
8974 257
831 10694
1207 925
403 4267
484 505
2379 480
83 461
8163 330
285 312
13410 300
749 11869
260 2335
850 429
650 1060
447 300
899 2714
687 301
297 2001
2435 523
436 711
517 49
8739 916
9199 3014
484 1874
758 437
11283 340
298 41
2482 618
4701 14771
2185 1902
12364 10025
450 1362
588 257
1867 316
1217 337
804 268
456 3560
11885 4763
459 1018
671 2142
2763 264
2302 1708
2034 1169
2824 344
913 2615
441 773
389 14782
350 502
695 2779
899 279
546 498
1159 338
399 566
746 940
10708 326
1677 1157
441 520
880 1705
347 721
462 1134
1550 347
1795 1205
376 588
12383 970
5213 300
279 4578
2110 607
292 3821
1443 545
4041 5784
427 343
1330 1032
962 268
660 3816
5429 360
292 2235
462 511
397 1659
3333 326
2485 269
515 1236
560 1637
369 9130
615 400
6463 4031
1270 295
10616 1237
1862 321
1552 303
7779 412
496 1283
428 782
314 432
2246 477
459 337
1565 700
340 2398
520 306
730 410
1592 268
2266 2516
3843 2878
11792 14115
616 279
323 2789
6787 841
498 1033
479 425
275 2426
1488 560
496 618
324 1528
2679 2484
518 83
78 1272
49 1009
975 314
396 314
1131 4080
459 686
264 986
1620 329
9433 399
3422 825
325 1267
751 11752
18617 841
18618 757
1147 326
6751 2343
1413 330
1571 257
2521 279
277 10046
984 7971
3001 2583
459 3316
411 1484
1680 4732
551 790
1573 1282
821 359
901 954
8999 795
9749 637
4871 453
347 1964
441 334
803 256
6903 732
981 1842
1421 2152
3248 472
368 6693
305 548
14154 348
740 2429
459 2342
334 1197
1230 288
8314 1633
6920 256
7307 790
83 3167
344 2921
729 939
1339 83
1304 773
9006 49
282 431
78 428
1142 259
806 857
1916 498
6224 366
365 659
298 2792
2124 1350
2581 552
631 483
656 555
2786 13942
599 83
302 2579
432 330
281 1448
1233 279
892 1703
323 674
725 5526
484 1721
731 303
306 1325
1170 415
275 398
1697 496
962 635
379 854
1754 7497
790 350
2359 1221
386 1161
1287 294
436 1354
379 4607
1207 9443
2258 303
719 325
504 587
516 10304
1598 365
1012 4180
260 5187
492 519
535 481
295 1285
1118 2011
10311 41
1424 4275
4228 4284
2944 472
981 1245
347 884
3714 611
2693 313
660 4431
538 717
476 477
5132 283
5265 12450
17539 1162
869 1590
304 2407
2050 491
368 40
2980 523
661 557
330 3070
3704 3227
518 2522
5013 905
517 883
1575 653
1779 258
1893 3067
526 1895
511 1061
3714 359
629 630
283 2525
5031 913
2631 1226
2989 420
2699 648
706 2596
863 499
2705 762
2156 282
9002 384
3559 283
1398 3568
747 509
1611 1075
875 380
6399 300
3147 14904
2850 14193
50 4856
1717 934
9584 607
471 579
615 3463
463 886
692 79
3722 110
659 350
783 6308
1916 344
1604 472
389 424
1280 5962
802 1067
301 2671
2992 313
1524 941
414 627
477 946
1808 555
50 3494
332 5796
9778 11755
991 1212
535 6067
587 587
325 2358
304 1325
779 683
472 1075
346 370
13547 1545
2132 427
6262 361
421 779
5621 551
4751 823
2002 649
595 1994
479 3308
655 268
467 10774
367 1554
1108 399
718 2965
1034 1621
1598 295
353 529
733 2062
575 2042
4731 498
362 1335
465 410
666 828
1020 262
703 2042
2733 11029
532 646
3003 426
3783 12984
379 5056
390 832
607 986
1839 766
784 283
6968 354
296 1863
757 993
787 308
3912 283
403 465
663 3072
6571 281
553 6338
2103 8378
1198 631
12493 1535
387 2263
792 659
456 304
1675 1257
1141 427
12494 471
3300 1392
4744 8851
514 1193
8248 49
594 1200
1083 395
2350 2127
3957 2242
4809 7845
452 386
959 613
724 260
1884 2356
1784 911
4786 610
497 1145
323 1722
828 432
7094 307
1528 5176
719 306
961 459
115 2600
818 520
1260 1360
4944 287
2934 995
387 643
5102 904
1302 744
470 400
433 10922
501 257
407 111
1564 722
10265 1465
519 1406
2276 449
2349 288
3216 2483
1829 420
435 2821
750 282
1528 492
1622 786
757 329
1496 1063
6654 3978
487 609
330 2543
2769 2965
810 925
448 257
1224 626
479 1620
452 950
686 763
4025 452
1448 933
669 1669
1857 301
388 578
2153 323
501 355
719 489
14997 3250
601 8837
1699 1360
1402 291
3935 303
398 680
277 1067
553 366
3342 750
18916 3324
724 4358
303 834
449 325
2303 832
2881 363
586 2353
904 498
3306 1438
686 347
759 782
3274 343
279 3580
626 378
468 378
368 2077
1515 324
779 521
1508 3406
330 2112
1058 489
468 645
6075 790
550 2928
590 3063
4570 1516
596 5030
2130 403
298 1431
389 2434
384 881
473 9638
1564 742
399 304
321 314
290 730
14983 572
587 659
1490 1914
1649 303
2226 79
2799 303
347 1372
268 1656
78 1504
7445 282
433 2321
1204 673
277 5190
1864 530
1352 360
433 1259
875 796
3930 1022
1378 337
302 717
1217 5502
642 621
2180 1822
1426 15808
764 1240
2795 45
746 9738
281 3590
412 574
391 1032
693 2838
50 3908
742 316
5136 78
4384 7768
321 737
773 383
1273 486
649 555
618 1825
1714 11045
1657 4262
4598 4502
3381 833
556 11595
950 410
998 420
2681 1183
960 294
770 316
296 621
303 404
386 7762
330 2703
447 435
2475 269
479 3846
1113 79
362 1143
305 4083
422 510
439 1888
3548 257
615 1308
1075 583
534 344
688 303
369 916
334 2223
78 452
718 3098
14318 1665
292 6195
3542 743
518 1188
615 11600
574 1002
388 2077
1575 1602
3657 947
2469 10051
350 1936
268 1826
1024 2145
3375 302
1456 337
297 1205
929 1879
468 617
5105 475
1038 555
645 339
2366 41
672 11289
19046 9179
300 880
283 4798
1348 2965
1136 677
1222 257
803 10777
19053 401
357 1136
2933 5930
348 388
1345 435
5599 282
5508 384
389 3458
2108 870
1468 344
1597 916
440 696
283 1753
629 1228
487 825
475 259
608 1294
595 546
2523 3277
1491 872
3294 1117
726 9505
7744 8267
3870 448
526 1607
9488 2069
452 994
688 295
4368 453
509 743
1592 3753
7279 61
720 544
1340 3508
396 347
706 804
347 659
339 3403
663 1602
1058 761
8796 303
990 773
608 1780
343 569
1344 394
564 2847
922 49
691 782
3039 1039
5034 599
2071 435
657 2200
4650 991
8020 420
2582 376
6755 1985
694 863
1122 4018
1993 529
631 763
1867 11129
1150 6159
3778 363
2158 2603
1444 482
4424 6620
7883 3308
319 1208
4345 283
2283 264
11975 1237
262 2544
14364 532
1953 1001
11184 332
12003 41
51 536
399 1159
7793 337
7444 1460
277 1157
2575 361
268 348
1681 3350
414 573
3654 2088
643 316
914 1419
11781 4189
1371 3744
431 798
652 15881
40 879
296 10839
14373 2219
1989 279
7530 1235
8598 3771
2920 283
531 339
734 3803
747 673
1949 5958
2828 536
514 2262
1817 755
1003 373
268 1062
2110 16444
382 643
283 1622
13092 4781
50 303
2985 849
468 3385
387 1198
391 387
1154 260
4250 283
748 110
3397 259
292 2204
8052 5361
394 763
581 545
1237 378
78 1287
11269 1152
2067 78
489 314
283 1590
1909 363
300 1231
467 1048
2740 1220
1715 1985
518 316
593 1474
1165 529
5888 592
1203 1091
83 660
260 344
3867 7753
3398 111
1505 712
6534 447
597 541
624 3896
5763 384
1546 954
3423 6535
91 111
19206 278
3899 300
2043 2298
339 1541
1003 1184
1999 844
1272 356
1430 622
4777 1612
616 4952
1456 704
302 1002
1225 554
17921 333
19220 293
2984 281
2961 768
1029 330
2436 555
1302 9396
324 811
454 1766
4033 491
984 1040
336 660
931 51
661 1745
988 413
557 507
403 2949
298 1444
264 684
11227 798
586 921
473 756
814 6281
382 984
2733 115
1034 295
1133 587
51 455
4785 340
466 599
1681 552
2809 3674
2329 813
880 472
3952 2362
574 1605
950 488
259 970
1341 344
479 447
2296 111
3643 11703
3969 326
688 712
1783 1010
4913 300
5158 300
283 3261
741 354
1231 415
617 415
851 386
277 944
473 6985
469 83
300 1894
1582 270
828 597
441 682
843 324
554 4334
987 83
40 496
7041 3253
1283 269
777 782
518 1359
1180 1153
717 2032
1394 1428
1714 316
13106 757
5125 2193
436 1163
307 1557
1217 603
6551 2190
422 899
5301 405
724 3350
1015 348
3232 2398
749 2318
1047 353
1083 1140
853 419
5280 800
2313 591
877 486
688 1483
441 1951
2439 915
510 855
1496 423
1296 1955
741 2055
585 1158
1579 493
1809 7113
1088 954
3702 1867
735 486
415 337
382 2912
3361 1048
854 78
422 821
2570 2524
433 334
529 108
1318 383
1189 487
382 1282
1841 536
271 1324
723 523
1499 1011
708 435
1191 437
815 405
7812 384
668 921
6077 531
388 2770
1346 622
863 4000
403 473
723 773
618 789
307 3149
1724 773
411 1470
7902 529
319 739
7890 420
391 1765
1115 933
410 284
4384 3566
7690 331
5078 571
552 1253
1302 580
1025 297
307 1072
9204 330
313 1552
297 3629
3190 3878
1489 7485
663 2076
399 4911
4758 300
814 1327
508 1548
382 420
655 295
5766 300
754 2412
3341 388
482 1276
601 15959
9177 429
281 1755
705 344
349 449
489 4715
3724 428
715 954
2725 867
2322 709
83 1505
49 1969
340 3252
1916 78
629 1236
1244 434
3477 9538
1397 2898
738 257
908 2504
2527 380
9652 281
846 70
2710 277
1047 326
327 3865
368 478
1142 559
726 5586
550 2597
1190 4503
1870 302
281 3159
467 1285
262 1298
871 1015
3135 297
716 2654
5019 412
6114 303
281 3360
332 472
6575 751
4764 795
723 7564
894 499
6167 386
847 420
3952 1389
4748 486
399 3153
2670 4045
1730 619
1230 262
363 1781
1229 83
717 350
465 6134
305 2855
1134 589
688 1347
2565 468
1740 427
368 507
910 919
1330 509
4653 428
316 2427
340 3578
724 326
1291 523
2575 1709
731 441
557 737
2170 3686
437 717
8233 307
4368 359
349 307
1178 4500
860 779
8029 1464
436 4606
930 79
465 337
1249 496
7335 634
458 1308
267 3762
1421 921
83 11250
669 1149
574 427
2997 295
483 904
374 6248
2638 378
363 283
524 78
2056 536
1187 820
664 508
1417 584
866 2118
303 500
2178 1389
681 2437
658 3825
547 1888
287 283
4506 573
5236 111
2701 83
576 5312
458 1405
467 1144
4051 1857
2270 1008
665 2152
7343 1017
297 976
6461 1153
1346 530
1277 1061
4160 4459
5384 13167
846 378
2769 300
818 834
1871 79
111 584
83 4460
547 1004
1091 3707
537 50
4933 993
14479 903
292 385
780 347
1025 78
643 361
482 1063
386 1309
290 40
337 519
390 609
394 50
2844 603
3105 542
2350 676
1020 257
8253 2211
4281 974
3438 6831
392 3391
466 1232
532 378
599 494
4826 497
2052 2823
718 423
523 520
277 1195
2769 1022
723 1085
6161 367
1222 721
778 820
479 2580
7862 538
4205 277
558 1477
1600 1907
281 1447
1178 973
11295 904
874 478
2162 486
363 78
401 281
2981 1218
3477 3028
1940 519
761 350
1088 881
894 4301
421 459
367 2106
2891 407
5805 332
1484 15272
444 1051
3267 468
1446 1290
2081 328
392 264
552 887
606 298
489 1087
1016 2639
7530 800
2079 2142
325 1688
3077 690
510 1436
1326 441
110 281
3102 304
1860 697
4089 2362
13852 1130
339 3202
5127 79
6076 1319
1343 529
391 480
1324 8859
557 5526
3269 295
1288 4714
1270 1771
2754 1184
1783 6173
850 791
4378 111
761 268
813 304
17103 2495
1139 1923
347 386
330 3659
907 610
4160 6596
545 521
3203 471
1138 689
18179 12162
1064 2965
2721 5009
465 2845
915 396
373 2331
329 1208
2578 78
606 294
1385 1217
557 1037
1099 482
655 679
1981 83
914 2408
277 359
522 4618
79 10942
2812 599
260 3276
385 438
9628 1634
1444 761
518 336
2024 3373
271 5138
1807 395
1932 572
359 9925
283 770
1368 573
1972 584
1131 3179
499 553
655 677
1940 3234
260 1778
389 4502
388 1413
953 546
424 115
839 1042
576 2612
393 480
4201 352
646 426
1189 874
1028 6374
3331 294
258 551
488 322
3747 428
1773 378
458 767
1624 339
3925 399
436 2371
1092 688
2120 295
10604 1263
7827 17159
1094 3109
391 711
836 3075
4430 257
6616 405
861 6596
1340 840
279 412
1288 5171
481 1999
726 1842
2878 2032
1567 720
3695 825
1315 555
7223 577
5689 79
1543 969
3810 297
367 591
1565 645
494 3827
482 427
1239 828
1596 905
78 515
279 1153
1996 1260
2098 849
5195 10198
781 8824
4113 2274
517 270
2303 455
522 115
1059 324
8111 1423
641 656
3431 609
1165 50
3073 603
1551 878
305 4814
541 4350
79 449
1239 3165
1021 395
1358 3411
7350 1205
960 260
1342 3148
2183 4858
378 41
6514 916
3215 7726
567 2041
389 1039
389 14625
5337 3741
1459 1017
867 882
507 5735
2364 279
7131 538
2748 361
6980 1117
925 870
638 1437
10646 365
1957 3995
2409 1304
468 1072
5215 384
403 341
356 2128
5127 259
469 378
596 1705
2164 669
3655 454
329 2790
13240 1284
15401 6981
1512 902
382 3663
4507 1968
110 332
350 382
572 339
714 281
334 12795
773 350
9668 829
5493 427
389 83
8920 353
1048 359
926 367
650 499
1488 9607
501 5216
1989 1699
3105 4586
399 1174
9674 541
6008 1078
5421 331
382 5234
5129 858
2257 467
504 297
399 1448
1203 2677
1478 813
721 283
1646 329
1402 617
269 347
1278 449
983 294
290 1494
326 6192
649 606
6751 256
2292 944
3141 337
1331 1676
638 695
419 823
267 1390
6586 840
1277 1555
1268 971
1508 17262
727 3291
51 765
14674 4161
4534 536
3651 1257
546 1911
668 3380
574 956
362 2274
1134 415
601 1147
571 332
11430 4232
4138 303
287 559
4588 1676
307 743
1385 279
1491 722
836 1184
1708 1533
373 115
6022 453
560 2313
279 421
329 336
332 343
638 1367
12830 326
1170 459
402 627
4895 300
298 83
486 846
1994 330
11439 1152
582 673
7279 2406
1627 259
602 1158
533 2264
727 507
8517 1537
1306 1955
353 360
467 499
471 954
6193 2215
538 292
7948 833
61 420
302 615
399 1103
1165 369
841 2706
551 867
482 599
633 1557
339 1846
3554 1065
533 1790
1131 4626
387 2652
462 1113
3944 407
262 799
681 473
685 708
5511 3277
2549 115
723 3458
12843 1389
1296 6415
1753 401
289 2742
4204 302
382 1468
431 3458
718 12332
802 850
1931 79
662 11049
1178 1578
4239 384
1225 367
2454 690
1288 1495
966 115
959 2525
3111 424
2416 262
1016 2291
808 846
457 11052
19905 2350
1149 432
2260 4074
399 728
4501 518
3986 571
2052 79
269 847
999 1141
2131 2816
586 2199
988 264
792 3235
3921 370
371 536
572 415
8237 1389
259 520
749 600
268 1056
1889 4401
950 504
293 648
392 1144
342 6023
706 440
436 3613
871 960
1058 325
2934 3278
337 1192
2753 294
387 581
536 403
589 297
583 511
693 4353
543 622
679 1100
1749 851
3885 334
18515 8057
1134 434
968 336
1225 379
367 589
908 2418
1422 283
3356 366
744 592
1224 1468
8035 2496
804 347
1642 505
468 591
1571 477
379 1141
4263 1056
547 930
2913 8641
1826 356
653 954
477 2507
324 5353
5932 6879
1538 555
3251 2860
4180 1223
344 649
14792 10299
694 1505
382 976
2847 916
529 329
1681 1272
1446 641
473 587
1331 1111
1297 303
3113 284
504 746
1113 498
3201 362
15545 11895
511 709
552 264
507 1578
530 458
301 516
1651 444
703 2230
2368 67
466 534
349 584
465 5818
18592 1687
674 872
775 1697
347 2036
346 823
313 934
14114 363
300 1504
433 3956
955 844
268 750
2067 555
1302 1209
693 1711
11879 425
701 12912
3593 2274
1129 980
564 779
10362 904
1188 2142
2215 276
385 6540
890 7850
638 110
327 13466
3925 386
1761 1960
447 415
2728 545
1599 2517
1270 270
596 4987
1342 1643
1288 2965
914 546
9230 365
594 325
268 3521
463 1502
3308 471
2098 472
717 444
3678 883
1524 302
3001 848
736 515
1154 1268
514 946
1288 3459
2831 609
3054 78
5308 5277
437 385
762 362
1446 1274
656 487
869 706
268 13480
7153 1436
329 1911
2998 111
7063 283
1128 840
2317 5252
1204 9154
854 606
1899 2357
3871 3748
835 1684
522 7226
2392 343
326 933
4777 4749
532 476
1224 872
2753 9879
6040 370
264 2190
350 1400
1116 4210
7343 264
777 554
791 2284
931 50
3667 2104
2430 51
953 721
11122 393
1900 576
2309 2905
596 2385
415 1217
1928 3429
5078 894
487 455
601 1698
7029 2667
9471 648
279 328
12429 765
650 2216
464 308
340 261
1059 2136
327 296
1295 7589
2545 264
1161 325
488 1687
1118 2906
456 5312
875 944
2021 379
50 16489
5079 476
1479 696
2479 995
7571 300
1109 403
629 1087
110 395
1429 6327
645 300
8196 796
4564 1389
323 2627
1043 410
1879 735
463 923
418 970
267 595
4298 370
2963 3729
333 3535
78 2881
1132 282
1324 316
1003 1470
4944 10757
1303 326
369 454
3881 111
812 772
333 1779
3408 441
962 4835
267 1589
483 515
1399 1000
469 2592
300 2092
672 326
2025 1580
277 1455
913 516
893 378
1008 432
452 297
582 363
835 1056
391 1402
507 283
443 1148
8138 1786
682 2629
16531 2211
324 1117
1916 410
901 1081
591 4059
3870 924
791 1557
528 7850
966 425
954 79
553 300
817 1152
8163 334
458 911
1005 1254
4534 455
297 6680
1070 373
382 832
5055 1580
6381 3421
366 419
801 2318
297 370
2039 1500
1040 2756
382 10087
321 386
7670 363
554 683
3390 16552
4850 2440
943 359
3665 1065
301 520
827 1950
558 1662
500 330
482 7599
853 51
344 1310
466 523
5627 329
5943 1065
386 452
5770 386
661 3616
259 378
1726 4135
4452 282
3431 476
4433 336
389 337
1119 1167
390 1163
4512 1223
110 264
3969 1285
461 3997
574 4883
83 449
615 1405
399 344
746 840
429 515
1408 5155
1667 383
5228 281
4701 322
2807 47
2128 370
441 629
953 1085
2027 303
1446 386
1898 320
415 3189
275 1941
729 12731
339 2932
908 1267
340 503
8155 303
968 470
1486 819
1599 1086
2683 3852
1047 279
83 334
13358 11162
4037 328
1170 1941
1946 1561
279 1301
304 919
1418 659
3290 762
6330 331
873 1475
17642 1685
2621 291
862 781
2219 1356
528 473
1783 1509
783 1598
348 604
642 1423
1091 6848
467 1060
1569 359
49 1159
9556 110
1889 8349
439 1108
8218 4958
679 2078
2439 731
4083 887
2099 283
2450 3253
1384 8328
462 1041
861 1022
4975 282
12997 519
1422 848
271 1121
727 689
573 294
626 983
1026 7206
1867 643
2997 6326
1293 1195
911 276
6723 269
882 833
789 420
15742 898
422 2752
5337 1921
334 2427
6296 18865
2319 2385
2160 11172
1956 7246
14267 433
2289 1271
866 722
329 7301
839 1033
604 970
281 889
334 3764
876 344
6400 2906
1115 559
3709 365
1012 551
662 1670
5134 5603
6199 320
4454 406
79 78
442 78
1564 1173
411 9400
518 9582
517 8412
415 877
292 1075
689 1955
595 1912
1745 6692
9184 900
268 40
1155 682
608 2088
1379 331
432 611
483 1705
343 2700
5163 7642
300 3175
5788 1073
828 473
5441 646
40 15770
4749 3127
467 2388
1210 659
4057 300
7653 452
452 399
1038 1252
688 592
1232 427
324 6546
11182 328
369 1325
3642 1800
668 14287
421 1566
9528 492
1932 1157
860 323
1528 79
1189 911
1288 2988
550 1037
2453 302
2413 636
300 2672
1753 618
459 1232
632 941
4234 300
78 309
352 314
399 690
1096 330
726 4628
1138 717
853 2345
468 386
283 546
502 4387
3904 370
815 653
479 766
6111 451
1063 295
1394 1852
435 83
4993 356
2680 5239
2822 599
2056 544
4514 935
2512 970
1572 270
8045 3171
2508 322
260 945
3399 50
1749 690
427 665
781 6332
6786 329
271 2618
718 1278
456 3674
1575 3523
307 1455
1083 270
344 742
3520 268
4961 769
735 1072
1881 651
1555 295
1109 1939
489 448
386 3153
2329 78
2520 374
430 1044
2702 356
909 3617
1121 1267
11735 767
534 3362
379 395
2017 51
489 3350
628 704
386 3309
3787 709
430 1745
275 734
492 2693
399 350
4806 993
387 707
499 677
4117 4763
433 646
1651 283
397 3627
567 892
298 40
4695 900
466 2529
289 298
2733 1331
12035 2851
1116 13639
2043 887
405 1275
3302 476
482 336
568 1705
1940 561
5788 1388
350 794
591 79
8196 115
410 587
379 1554
288 682
373 944
378 3920
543 1388
818 1310
5499 303
812 3807
1232 440
701 397
3487 8222
1154 1056
1111 257
587 279
452 713
2753 8381
16726 3250
279 348
3128 4594
2800 444
6987 977
387 487
661 1282
749 684
760 1039
1134 459
386 2219
307 2220
535 5165
839 583
746 820
1628 433
430 3613
589 496
7130 1798
599 347
465 2185
1503 4441
3100 976
2575 3784
577 758
530 1341
1131 5928
4548 326
1807 270
5099 1734
44 325
9854 833
4111 1287
5280 1235
533 555
1029 2778
1239 1303
1802 283
373 381
2646 421
516 3820
660 1282
4337 410
1764 257
2685 1221
337 1133
7765 314
412 569
281 1534
593 1468
323 639
2894 765
658 592
649 1252
7967 428
396 1087
434 2271
2415 468
746 5209
2780 465
8799 277
792 308
304 5679
3797 428
510 1262
324 876
282 489
5401 3741
666 1862
465 344
984 4515
391 6958
9910 329
40 348
1016 2806
5033 403
2048 498
5131 303
613 594
7945 2453
271 1321
492 433
2646 454
2338 49
724 1869
1616 455
4085 420
827 1609
2786 373
2966 3411
353 628
6437 40
2846 476
281 1331
17840 941
422 5593
3143 646
2133 682
929 993
520 387
1003 2614
3936 621
336 2449
4139 1388
685 6235
1006 256
1989 297
1314 397
52 3099
5446 282
1456 555
367 1351
5105 448
1302 410
633 3159
385 985
458 3458
1295 1245
364 1360
439 929
2360 79
4915 1096
649 1688
713 559
550 3061
431 432
601 8441
1750 2651
1033 2101
7987 19154
8097 905
3129 334
390 2077
1323 322
1785 459
769 332
1152 3481
1059 1707
8006 829
297 1303
473 284
8214 578
334 2028
863 270
11345 1101
595 2542
534 1229
690 482
305 1561
9952 591
7163 671
510 3204
325 3934
2013 382
478 4129
6440 380
6008 1918
1139 79
8673 270
2379 2385
7191 356
915 1066
994 385
1352 316
1226 283
1552 347
3111 898
675 410
1868 294
908 1363
1202 438
1424 3448
554 508
631 2954
2066 8602
2717 1631
516 1188
854 939
746 7712
1588 394
356 834
838 260
5158 282
3251 7348
4517 5333
775 2324
1736 394
4874 282
83 3950
899 268
1426 10026
2409 448
9429 445
433 78
274 2771
390 1103
6539 441
83 4952
83 7596
108 370
1154 40
303 1310
287 487
367 497
791 349
5316 1117
2175 10143
8103 756
390 2156
50 1206
548 2735
550 3441
8147 282
894 610
1232 3195
1021 610
779 511
1069 367
298 1460
1344 552
1111 262
399 1411
459 1054
959 756
801 875
871 3976
564 2744
483 521
1336 13489
1840 634
306 599
3681 2127
2683 12466
309 294
1065 1145
968 6861
720 2828
683 985
754 971
353 449
2090 440
547 521
260 1010
1353 3378
615 336
1122 1157
549 944
613 634
292 689
2820 2452
1434 79
496 566
345 282
1940 361
324 321
430 711
306 1011
984 3395
12232 2587
307 365
344 2837
574 498
1683 1112
1131 1299
2007 572
484 2902
1787 331
1946 304
1885 762
13175 3818
386 1540
547 2443
5973 307
292 361
674 544
373 894
15935 326
462 930
947 262
400 725
3248 282
8394 765
306 355
851 656
294 848
1064 78
761 2217
1059 804
535 366
415 354
914 1018
2332 380
2312 428
695 318
329 3106
1245 1418
4679 257
1397 2053
436 858
649 468
260 1631
669 1948
2536 468
2931 8381
502 507
749 4275
7220 300
12559 1434
693 2513
1422 259
1312 1002
340 1084
591 3947
1021 4423
738 282
2571 851
1512 423
760 744
334 700
8398 433
659 676
4082 369
1986 452
12960 388
2591 618
4485 379
717 1043
2666 78
415 983
15776 11415
663 4948
344 2561
401 476
746 6329
3727 294
1016 1439
373 4478
325 1510
403 2505
7285 452
369 1184
300 2548
484 11090
492 1496
9161 348
3460 3563
339 4337
313 2061
6798 332
747 684
1071 302
283 1583
683 2305
2371 496
816 309
433 6984
608 3060
444 1173
777 780
401 872
2079 1136
386 1378
454 3491
1269 373
4457 712
1128 256
726 2018
441 639
395 448
2787 1383
683 1264
667 666
913 443
7053 282
569 797
951 314
719 14353
2415 2483
566 443
11061 1381
1152 256
1008 1001
403 468
415 2694
9573 466
443 933
1398 750
849 519
432 786
1189 502
2970 832
667 521
15090 269
441 961
836 12574
20886 419
452 705
2724 415
334 3587
334 4767
8145 331
987 744
302 1898
528 433
498 3727
593 1258
1277 10235
1624 1888
3112 837
2090 2140
679 1063
2948 987
467 10501
306 2927
890 1363
298 2008
726 630
1192 338
482 3170
1148 2181
388 329
357 722
304 111
1168 2358
507 427
1658 332
385 487
504 283
2861 257
5127 704
5258 10501
484 10927
292 5659
624 1437
648 269
4441 282
306 1461
347 1856
932 45
1080 360
1348 6596
3409 368
723 338
1776 354
1889 8779
20936 903
1497 347
718 10627
1438 1542
438 287
788 904
387 1506
1028 10570
875 453
1105 504
557 2287
574 452
3168 477
581 1366
516 475
589 441
325 484
711 397
1479 954
347 443
751 4394
9529 3097
628 78
6204 5502
597 1530
904 297
775 615
357 832
6864 1223
1270 15180
3792 283
561 1537
1119 1720
4599 283
1621 1152
1312 344
733 314
5015 308
918 2417
646 898
727 3120
3847 428
1021 3378
517 1337
465 504
1154 310
399 1072
1870 592
5369 111
1739 718
1106 2197
1885 4012
392 256
6809 4857
727 496
279 1485
14439 882
436 689
471 900
465 3528
336 556
581 383
1554 303
416 282
470 1580
4552 568
16966 960
785 1672
472 420
1109 772
9831 12112
1843 294
853 947
2357 301
874 330
472 347
13145 1183
268 1543
393 304
352 6343
83 936
716 2064
725 542
4695 277
481 696
608 1510
3017 337
5956 454
439 697
656 587
385 581
372 2321
7199 384
5174 1008
264 344
412 697
15215 3230
830 2173
546 344
624 2209
6826 297
1533 437
1068 1606
802 9575
306 939
1608 67
391 2077
394 440
10184 3316
392 2492
6463 2792
1616 536
297 659
841 584
1261 332
402 53
11687 287
1766 376
4760 356
330 864
3261 78
809 404
330 874
410 675
1838 739
3129 330
324 5956
3319 326
788 1559
8048 288
1616 1320
863 2888
459 361
1420 587
324 1188
16070 524
15244 11289
282 466
1446 631
682 2611
1139 1503
281 498
1706 3560
356 5119
111 428
2581 1000
1094 5706
2943 258
661 1576
491 1738
50 17052
325 1054
803 1331
5394 307
3107 609
1592 4101
7221 283
305 17062
410 2421
3210 115
2311 6070
736 854
510 1597
270 7689
482 1688
401 420
521 985
316 807
1563 350
953 1374
1011 302
1997 302
3058 337
3269 1602
1575 10568
3056 298
2509 993
845 78
2647 79
1167 79
260 935
618 515
1985 257
2769 1030
419 360
356 3883
706 260
49 1449
457 447
295 419
1326 378
390 10919
11726 269
1683 372
1855 10579
1021 2715
1287 2406
2436 452
449 689
11330 383
440 1250
1060 1507
7883 8860
1175 302
19600 519
1908 294
3715 300
1749 1167
631 682
3212 269
2892 45
1690 282
587 1019
515 3213
3080 309
1500 51
1446 1975
665 1447
260 1451
53 110
997 471
5132 337
5822 260
1855 595
7111 365
376 2169
2013 492
5401 40
1536 284
441 583
366 1387
2509 303
1104 1971
727 2252
564 1566
369 4708
1754 651
3934 295
940 1170
3993 78
1134 504
2634 403
7546 3938
522 5041
305 314
389 972
723 1146
2110 295
3111 644
601 283
471 1141
7701 887
6571 1380
70 832
1122 2247
399 1366
1860 321
267 940
1629 1822
1600 1245
287 1065
4605 5825
385 1778
1280 13887
10949 867
16167 8023
777 569
3161 2810
2814 391
886 515
1581 1260
5726 762
326 652
1399 283
9365 397
1128 451
307 343
305 4558
2059 4668
748 1268
488 407
1059 1711
83 5603
577 313
277 579
1091 1409
9133 577
1591 709
260 428
400 350
78 1245
333 6570
1364 345
727 5993
4724 581
1215 420
1115 2965
2130 507
1900 740
2109 989
3871 3914
385 1071
853 8289
1592 1272
2055 83
295 800
1720 279
313 2209
340 2705
5985 283
1361 378
10265 12235
283 583
1399 1175
1937 894
1129 1347
3524 862
4511 848
718 438
5542 1257
7075 8641
428 468
275 1176
79 1326
658 9646
17179 2650
292 3905
388 3546
394 1349
1024 2064
3517 415
1565 2338
1972 698
465 3106
3289 8297
1419 10626
703 1683
354 260
110 367
374 675
400 739
267 821
21278 750
2839 399
582 3507
13198 604
1350 325
1435 427
3333 2987
279 751
4147 4580
988 270
2477 631
2382 110
9947 404
275 2889
13290 4134
740 734
260 1823
443 629
538 599
325 3480
5406 304
4392 897
1199 4617
3804 341
5023 115
1770 3046
672 1942
638 2019
275 2964
21307 2381
2400 412
11786 5917
3620 472
2817 294
1673 482
368 601
2067 344
805 1849
813 3442
1244 515
589 2938
996 398
448 303
4168 358
50 3480
494 1948
494 606
613 1015
1235 297
508 3034
1594 1496
7134 452
258 1173
708 1721
788 818
3211 387
468 4305
638 622
4269 476
17234 343
1287 2217
2680 1117
420 465
341 509
656 1410
828 1907
298 1369
463 952
412 1093
258 3607
11810 395
982 654
49 691
7134 468
2891 322
281 932
2115 257
264 617
295 3274
560 1162
1293 2064
7911 762
593 1662
350 492
810 2761
413 412
372 1136
883 2502
1594 435
430 689
959 707
11006 258
303 302
1278 379
13327 6297
387 4023
1196 588
2405 689
5255 796
381 6014
329 4185
910 515
297 1539
307 1020
334 3094
1750 2411
514 432
268 1926
2120 110
714 308
979 452
1569 3118
49 1066
4937 1377
1726 5374
8135 281
392 2748
2182 282
6989 820
11829 269
437 306
494 7748
14683 600
297 945
5484 438
1139 636
286 51
596 507
655 7347
6854 269
2219 2483
352 6093
283 2553
8716 393
378 6526
6586 524
1769 922
1739 2772
3090 2239
2818 903
330 12834
8488 2818
83 422
1006 381
470 1537
1054 347
3317 529
2644 480
5850 744
1339 2646
939 2709
2640 79
475 401
1311 260
1478 1033
1709 6887
316 2613
6613 256
363 1258
298 303
3710 443
1579 537
511 498
1202 680
1620 2544
517 578
385 1030
599 461
744 619
294 1474
1130 332
2282 288
2450 988
657 10337
400 2360
2164 899
1207 487
13236 883
21456 14564
6168 1098
6054 967
459 790
8676 1067
1427 2257
8965 743
449 387
4938 571
277 79
454 875
2795 687
343 1997
6024 1284
516 2640
676 542
435 520
2140 111
368 344
1963 609
1649 11457
1068 4475
2992 3926
10643 1232
5970 545
5130 391
5929 431
400 306
1592 7292
391 701
3315 1856
584 2361
2231 313
329 487
719 461
304 1146
753 1654
8156 1076
867 264
3020 378
326 347
1088 1081
383 7085
314 935
497 651
399 2858
3862 739
396 448
1327 295
487 536
436 1296
7966 4666
2781 2028
3708 78
1261 1152
361 388
858 6623
557 573
986 298
394 448
16273 607
673 440
869 5895
329 1239
502 4514
1119 401
404 2012
391 1202
597 851
831 791
3537 3322
5155 2587
541 3835
713 1228
2796 344
523 4837
462 730
387 794
10703 420
330 2427
779 666
348 2031
4209 257
5612 51
979 451
7771 282
3912 555
487 466
487 4022
431 3931
10358 800
1115 580
2166 264
703 887
5193 3617
502 288
2408 83
608 1488
1038 473
2115 353
1421 1242
802 4252
1648 441
337 520
1285 895
2450 3456
391 2156
547 271
3186 4946
593 1158
1627 474
1595 664
1508 4000
381 474
83 724
1931 1699
3423 297
421 1638
608 3636
8547 1130
817 2502
1340 453
456 1947
8053 552
3527 531
2348 1852
8298 83
1132 514
2201 1415
2367 1699
1348 1022
434 1365
734 1284
350 664
19994 14623
7744 332
5147 51
1179 277
6574 111
999 881
572 78
12391 1119
368 3228
8928 1537
482 841
487 626
835 2061
566 4573
861 1018
7980 6056
2102 302
399 659
525 3507
21609 2836
730 721
1302 5854
434 2485
298 1519
382 6790
791 980
470 1457
6951 3915
14125 349
3008 7580
329 399
2761 379
7616 988
1587 4732
845 2368
3948 486
321 573
1306 7492
1145 320
339 1213
1610 6629
535 1593
13465 770
342 1087
14518 2650
388 5345
843 2420
8839 18620
307 4649
4506 921
7099 1712
1676 380
6152 115
1587 444
929 452
1059 304
5594 1019
9746 365
987 552
2063 2282
4631 880
1443 1195
2442 1689
1324 3692
306 2089
1233 470
1869 1822
7458 472
737 1964
564 1655
1360 2029
388 441
431 10741
2881 6846
288 49
1866 283
339 884
806 923
2477 566
6977 343
4809 767
78 4619
6406 1240
3754 870
349 434
1953 2272
10366 977
4955 353
669 361
391 1516
3467 14857
3671 348
7541 349
1029 2013
17483 290
3129 385
514 1221
50 4008
4866 50
7309 1547
715 2403
482 361
4875 1287
1386 3953
6400 1389
1155 2352
628 470
356 1238
1330 344
1261 453
1619 1234
390 717
264 876
1371 1532
460 1258
4526 787
4677 931
12419 1237
1256 325
294 544
6624 561
778 875
1024 2230
10747 5917
8647 1186
1357 302
4297 449
1913 960
794 860
689 1043
4041 13927
6414 971
466 3067
1241 302
431 618
381 1325
1096 18692
404 1404
434 685
3719 78
584 350
79 388
2222 2118
356 470
5161 79
1328 795
434 1228
557 578
4719 7202
422 1034
281 9688
7990 993
18706 471
11908 1136
4679 765
5448 334
1241 1816
282 108
336 2080
951 1455
839 5111
1142 1063
11525 2362
7911 577
647 4352
1355 470
1518 260
4772 1153
3856 302
4433 401
1231 4222
4507 1779
1917 1072
390 1686
3684 2298
1441 618
334 535
805 1244
1715 4498
893 1112
283 1716
367 460
494 79
3567 1825
822 405
83 1391
396 620
10959 329
665 2596
5689 3227
9768 282
5349 115
3302 626
594 761
754 2410
7456 996
268 2807
591 4042
1339 403
1116 325
549 2199
3643 314
1256 804
9739 307
2103 391
12457 1406
5711 7389
562 2345
723 972
449 631
861 78
719 981
1211 591
2523 758
2435 670
9728 283
667 719
14719 419
385 707
1813 337
645 1528
2006 1856
2825 851
1787 111
1519 2389
2082 356
780 394
465 443
14913 14202
271 1344
2052 78
2647 288
939 2655
845 334
313 333
3312 281
652 7979
2711 1285
333 14208
297 1044
468 7857
596 4095
934 571
6111 537
840 1751
2376 2112
984 1275
424 1347
290 79
368 4427
396 1393
1628 260
2847 1230
1088 5410
1012 303
685 13546
1844 281
615 588
781 5921
342 1372
706 2583
2579 1732
304 271
393 486
8246 554
258 507
1574 424
268 735
485 438
1236 763
754 3500
1421 635
362 6015
581 452
4741 395
381 2252
2408 316
1964 282
572 521
334 864
404 1580
8900 750
410 4138
975 16580
4160 1257
316 629
442 256
14943 1247
4851 12484
547 574
510 886
1841 626
433 440
558 1532
368 717
1560 78
502 4474
1142 1998
1233 2121
1059 790
440 3465
309 500
459 1891
754 1320
40 537
1891 441
482 911
3803 79
297 961
2478 283
1359 83
616 496
1178 470
1749 1301
334 7799
1957 6747
4609 341
3306 83
281 677
4646 300
374 507
775 5342
3567 639
271 1213
403 1233
334 3651
649 1005
9372 729
275 10776
724 3883
5364 314
429 4175
325 956
8784 268
306 3140
1479 881
899 1019
500 475
1021 5665
2479 1169
6269 78
2082 449
1433 447
2007 1157
801 349
283 3038
14254 9116
275 755
3285 837
268 432
3393 1243
258 83
483 574
6650 383
1619 705
2311 1314
2613 302
748 5952
1560 1230
650 2070
576 578
506 983
3100 717
14969 708
347 581
3477 6120
3921 536
490 1292
374 496
363 834
1099 1201
502 431
1966 641
615 911
12842 600
812 50
4664 886
3519 1063
923 461
1233 334
594 1661
2995 507
4104 10654
638 795
412 4686
785 1162
1290 773
566 3917
9749 1759
788 666
343 329
348 2866
4004 1100
283 1529
15755 551
1294 1220
715 949
1432 587
10382 766
78 2321
334 1718
995 437
7789 1071
812 922
6526 328
397 1086
4307 1908
8762 301
6441 307
467 373
388 4606
1315 546
1820 412
632 361
476 3134
5791 902
820 295
1166 440
711 353
3964 5853
11376 17700
7047 356
1296 307
623 3307
305 3280
3311 7452
2098 839
631 283
7804 440
386 1103
2080 336
7671 2205
3845 2254
1143 284
1435 348
1336 735
2285 259
279 538
1234 520
874 288
403 804
473 5521
2088 301
307 1639
1718 378
305 1001
914 799
13030 365
2506 343
79 473
4293 1091
391 693
388 1494
275 895
2108 1822
16644 2587
7297 41
307 561
819 3088
379 2004
294 1171
1168 298
1281 416
5865 386
1293 2145
2857 609
1685 1051
1148 9072
2016 3239
934 530
1122 1017
719 1592
9018 329
13038 447
457 453
1775 1195
1350 376
6356 2298
819 294
344 773
943 9074
83 3584
3811 486
8198 3784
316 3091
395 6509
2913 488
649 2393
386 2858
300 3234
3290 765
379 1041
16278 499
3673 111
1625 394
1722 1707
534 387
4601 771
1189 1208
560 1191
1841 832
6280 1176
1469 687
589 861
2711 2053
12621 5917
9264 8267
725 361
584 1457
3814 530
846 78
615 564
5777 395
2474 2356
3497 40
4460 614
519 262
400 686
1925 45
492 4857
334 2275
474 453
5074 50
819 3993
297 3566
306 1163
845 305
533 1936
2234 61
303 552
615 1752
298 1404
436 2046
277 259
1089 482
1841 544
507 492
2265 11563
390 2458
822 418
479 657
330 2140
297 672
8426 468
1116 10478
2523 8395
3814 380
2833 289
1938 282
801 1117
115 508
353 3683
672 551
356 4133
10109 307
736 869
1267 83
585 965
1109 7963
1398 3378
369 1532
2869 579
267 2181
1269 279
953 799
403 790
1776 4031
382 1818
1804 1176
628 1033
2770 282
304 1856
12788 4075
472 659
926 554
465 465
44 1596
415 1266
1574 303
3539 895
664 666
4141 20485
329 430
1817 6025
1080 282
330 1901
8064 386
465 5342
1704 78
628 433
11048 4205
602 44
12019 110
1346 373
1769 337
577 995
3945 304
339 1332
371 1136
348 494
3100 1044
1886 1196
257 3396
410 5443
534 330
5309 284
724 1091
477 5566
1642 988
756 283
2086 337
515 616
479 921
7261 1274
7430 773
1716 290
615 874
10130 449
52 5539
8589 1235
2500 4006
344 347
8398 473
344 301
925 1511
782 347
2963 480
966 20530
358 53
594 706
2036 477
422 8634
439 1041
1993 356
428 910
4562 329
2868 3323
3637 851
759 1224
525 8140
22230 2836
693 2585
373 1536
78 434
83 1245
1723 3378
1106 622
1231 459
4741 2741
903 115
2827 49
1151 13070
334 583
5163 3171
518 3127
277 892
51 488
432 363
462 1974
4088 1073
359 3060
5063 5205
374 1920
390 834
596 3947
538 306
1010 279
2974 555
473 1923
899 560
951 1721
1733 756
44 1211
812 361
7227 5900
1516 520
1397 3529
510 1984
628 498
281 875
487 3357
1239 444
546 564
2013 3616
3979 947
2561 337
292 1601
809 1069
1113 963
488 1098
336 1456
1427 867
4194 1905
17833 5031
5578 260
728 1284
2039 115
4376 332
546 337
1104 1327
344 507
369 5239
475 552
859 262
442 257
1426 256
2035 79
1673 383
356 1965
4536 380
558 1171
348 439
4294 1415
9409 472
981 2031
1972 923
1043 257
456 2567
896 283
615 932
19145 17849
2160 354
10136 2304
413 282
257 426
297 2445
710 621
1278 1418
427 411
5421 365
2155 637
826 4071
620 3052
1708 454
305 2010
2681 304
500 924
1466 449
577 2134
676 536
5434 282
660 1659
1041 257
2386 1247
525 600
10795 300
1963 1222
316 4520
7099 1586
2884 67
842 40
4933 1149
2191 1410
776 1821
519 399
11008 115
323 2103
8503 673
395 925
967 698
1580 115
8598 527
581 468
1279 10295
390 984
1297 329
410 2456
9773 2053
1038 963
12577 320
1105 1596
424 111
938 7903
6894 300
5997 307
7621 1685
596 40
342 348
764 895
1265 264
706 3496
1108 292
1023 1672
574 1305
3299 903
1025 303
461 4232
589 307
2351 378
281 287
10374 472
790 347
279 762
8630 1191
1254 282
7434 2873
700 592
751 3423
1283 592
403 1578
590 8454
502 1143
1023 1049
323 2133
6037 1147
2304 588
779 3639
324 508
2983 110
10736 1151
925 1713
5821 1210
296 10768
5599 300
14121 1062
716 2042
2058 347
4171 347
486 721
806 554
324 8689
13491 1065
736 574
115 683
8562 425
990 1553
456 5596
1845 520
391 8958
306 799
456 3201
1715 79
959 859
4302 480
1464 1022
1478 1675
1059 2326
2144 444
845 1514
316 7675
2551 323
747 457
287 1205
388 641
322 50
378 1033
304 4132
386 1445
2711 2898
584 1494
511 1922
3881 1368
1294 3225
966 499
602 1258
4025 5388
5644 1093
643 477
292 1425
1669 807
549 13713
422 480
1460 444
701 1143
461 892
1977 1927
1846 3062
78 848
558 2375
3279 373
2121 604
6024 301
883 1943
347 383
12207 4412
1165 677
11228 786
410 628
2250 555
5777 610
601 13062
1096 40
1306 6415
1014 316
332 818
3125 356
543 1367
20749 607
6022 1082
6668 591
519 328
325 707
2016 2195
3834 1284
910 869
3722 331
864 365
2147 279
728 947
880 1287
6296 11231
1776 448
2809 354
1757 924
810 3221
5033 297
323 635
781 1409
2558 308
1551 437
2054 6252
1499 577
11229 2587
1422 344
305 553
393 1829
7499 270
613 301
1541 5629
689 432
1627 372
422 2668
4013 496
566 1962
2985 302
591 1044
11505 3456
479 471
631 1325
3139 1030
760 341
2497 976
673 78
401 832
334 3054
7968 354
330 3030
2311 2700
2904 995
444 79
414 309
1774 887
1503 1921
587 2121
601 79
6451 903
79 433
3934 15894
359 2391
1101 1705
2534 616
5555 651
915 1194
693 5039
378 330
1713 412
774 735
879 12768
3128 3692
435 1301
675 399
1025 283
356 3151
742 3632
584 297
702 338
581 3951
1006 17977
3702 395
1288 2254
1164 111
414 314
2539 487
482 5333
4457 332
727 1002
347 630
5913 800
915 1087
12086 1284
258 337
267 2763
305 783
454 619
3473 472
403 688
1322 415
742 304
849 1103
1507 6331
5771 303
1081 763
385 4356
911 707
1480 4842
298 1566
3524 757
953 403
5339 604
583 812
360 1010
386 5479
13418 2775
350 659
3823 50
2763 545
775 1899
649 394
5195 3983
1277 1385
979 2159
440 829
1148 3738
1108 496
475 599
449 108
7865 639
1725 1907
1787 115
666 40
6497 1814
613 472
1023 1244
4635 1193
111 622
993 798
391 4332
6509 577
431 7457
4723 3882
325 1266
1925 359
430 10044
589 303
1135 8009
2679 5657
777 5863
4051 8066
472 2278
304 1041
812 502
305 1183
1616 609
869 3246
3016 383
1109 576
458 427
3055 78
50 1700
1191 698
1142 1030
4901 281
362 2313
1441 279
529 729
316 1257
387 1257
1309 301
269 751
2104 1253
14422 646
1954 5490
1251 2197
4313 757
1386 600
1726 269
2808 269
5568 491
9487 330
336 790
430 2784
3329 945
4146 531
11007 2788
2212 637
1203 3221
741 924
300 3230
260 6687
709 815
467 298
518 7693
1995 359
861 799
257 587
788 521
3796 302
431 3213
6778 591
503 585
307 1369
754 944
258 293
6666 825
667 904
3982 283
287 4232
888 1140
2719 338
480 1001
281 3894
3043 298
1400 356
3644 345
766 2200
2026 353
441 347
631 448
4846 347
2780 497
1060 380
554 521
1375 10116
306 1254
534 8259
604 1298
6243 359
987 426
917 1625
1550 675
347 2005
649 297
495 256
4303 743
1799 2668
6036 898
385 1955
304 636
1306 281
754 6675
770 13737
1152 499
260 1197
594 4698
2180 12608
1338 3556
492 3208
1145 341
3294 6915
1164 395
478 1219
602 978
1657 258
369 2889
2953 334
597 886
304 591
339 725
933 677
1154 1988
1202 474
307 4204
803 110
949 257
5499 383
270 994
546 1937
348 9527
1446 260
1034 18037
2471 415
10771 971
1277 519
489 337
275 277
1563 304
454 923
2413 4220
645 515
854 297
3789 736
738 281
459 2936
549 3590
2176 470
2226 617
1837 344
377 257
1444 489
390 10087
547 511
2132 9255
5642 568
2231 453
316 3587
1129 1557
7297 3067
911 284
260 1190
1217 1000
436 1306
415 1038
10110 428
412 301
2058 475
1089 466
1977 1956
2633 588
1436 577
613 947
392 304
1049 622
1958 643
8409 672
78 2621
564 1530
405 5101
736 666
380 347
2139 2053
323 839
2414 739
329 2749
8606 258
388 1163
4330 50
546 1796
10160 2473
1439 757
672 49
533 1061
269 739
344 616
8816 1314
1627 692
2635 4862
6340 625
1324 3434
9561 571
1178 1711
1487 331
279 2129
6816 475
558 1743
310 359
3047 380
1600 4991
11252 818
1118 421
2073 536
373 786
382 4557
342 799
5103 10870
1508 684
700 2068
874 1425
557 2566
1840 1396
14458 607
1358 2518
1057 1495
2740 2230
2258 344
10872 1063
604 619
2331 396
799 401
279 1001
4047 4866
1358 19486
1173 1825
2992 988
305 984
14465 1836
5310 363
8038 935
336 562
403 772
424 1705
1419 9572
2160 3416
1758 427
976 279
728 459
979 2473
561 1758
394 3384
3989 1483
1042 434
470 2414
3611 707
1492 288
908 7850
1391 6258
8630 2274
491 1218
3704 1149
478 490
554 635
452 1103
526 648
5698 345
12662 449
8250 1210
704 329
2925 977
1399 276
398 4658
554 4092
4702 1289
306 2049
9861 2094
1192 320
1028 3171
854 382
19537 15239
846 370
526 1285
713 3458
1917 1694
5888 796
78 1039
4140 3380
283 630
966 875
314 2291
281 7521
9305 420
2290 283
8847 354
1781 544
666 790
3963 1825
1442 688
1885 4617
597 1502
2402 410
428 736
1452 330
615 3170
5317 732
1200 496
1627 378
2250 344
363 1751
283 516
1651 555
10909 354
742 6269
498 675
404 4142
6838 834
594 665
4944 1144
305 5193
22936 5952
2495 1272
836 499
2375 618
333 332
4999 1243
802 600
1630 2114
5468 492
49 753
3143 6840
324 5123
78 1821
1384 279
1219 571
2730 260
643 344
803 3825
2299 697
1953 2872
2948 1183
1358 2808
569 1824
9883 1019
296 753
7361 295
9349 453
2556 7228
1453 1010
880 508
17083 644
608 1079
3484 555
798 834
435 2073
336 1788
1060 970
2006 1759
556 648
1113 329
5249 905
292 3478
4300 279
538 283
83 308
10578 4983
668 12709
581 343
473 10922
401 639
1024 2471
586 3159
608 1383
1780 281
2413 5473
329 1038
370 422
400 963
1277 1044
5318 21138
8658 300
2154 45
766 3173
1247 4708
676 360
838 639
809 4715
1628 309
2122 1218
8274 492
802 295
521 1228
797 1260
269 1273
810 2959
404 2008
735 344
441 1753
264 423
2203 480
1767 911
3934 21152
505 1020
528 1356
11737 300
1041 981
1658 1368
497 552
2020 79
913 4669
11344 1537
1935 1234
12198 277
268 3157
492 8085
411 499
3269 980
1188 78
399 721
421 2782
1673 376
2979 844
329 2105
1513 477
19633 3278
350 497
7548 800
680 282
681 1283
2074 4994
11358 2907
819 440
3921 476
1627 1066
1575 471
1520 2022
1039 302
915 329
855 115
1714 13237
13190 622
5563 412
1154 1534
475 440
6718 1819
13888 798
2607 83
313 429
2212 759
2966 3351
8882 21211
891 991
721 344
347 618
6723 303
510 1431
367 2133
2292 611
4895 282
2121 744
291 610
4955 298
1149 618
18240 1728
9366 424
1871 498
11376 2283
2074 7555
2030 283
5405 1200
275 964
2724 459
8099 270
3319 925
324 4479
988 277
3941 905
397 341
2097 2742
3972 313
7559 13268
1993 281
620 386
7198 331
360 1322
410 629
3747 1852
434 1074
723 6870
468 6096
596 589
3131 303
2050 1402
1182 2603
473 10620
912 499
329 884
9376 6506
1150 6873
5898 300
2139 1285
307 1141
385 568
2976 502
381 1082
10274 497
629 3079
1459 1157
316 905
415 443
620 574
433 2873
283 4637
342 1832
504 848
79 1014
8299 577
1564 6623
515 8110
806 323
889 1093
3156 360
339 1326
841 1363
326 4348
501 3945
2610 394
500 843
1364 745
1132 739
2345 652
384 1557
1142 283
306 1234
3085 1103
50 5455
83 390
3430 548
1504 427
4903 8825
83 3093
12209 552
581 3967
7413 798
676 297
533 763
479 1144
864 1483
900 257
679 798
4954 337
968 488
390 13950
329 534
2451 363
385 427
507 4267
1053 1053
996 404
6515 542
759 1444
2764 294
339 1784
1143 441
1915 257
2181 1877
2041 476
314 409
2523 8429
11355 260
307 2420
4286 609
3919 307
1282 329
666 374
10294 577
699 378
2106 955
483 683
2501 1209
14636 365
520 717
384 808
775 2634
433 2914
514 898
304 2700
926 2286
830 9402
1315 629
3672 302
2787 2557
292 2167
606 49
2703 712
3010 807
472 462
814 1098
269 519
5298 7004
4216 257
389 1823
1323 300
4047 1275
391 3889
547 1099
5744 354
279 2208
633 395
3650 1948
329 1514
2334 1040
456 600
557 2784
4780 1362
658 1347
948 875
484 499
6755 1448
859 846
2311 3478
115 719
1380 302
1886 625
850 7861
2909 294
3293 1499
892 750
6299 608
1626 1066
484 111
1232 959
1373 3973
366 894
576 883
733 1388
960 40
305 10667
551 2277
388 1969
618 2119
988 671
682 3317
622 489
1137 282
6303 6282
293 2836
339 3348
15240 1547
5847 526
3964 5244
1296 3046
297 707
6179 1062
3954 41
1199 2184
17282 304
1267 403
51 2345
534 4644
433 589
301 443
533 329
827 3118
1291 487
393 10672
5419 2335
1189 18393
1799 3060
391 3670
435 6828
344 282
764 515
307 954
492 1716
976 298
8944 331
2331 386
839 1632
436 6269
294 978
6381 3148
271 1295
1189 552
5409 281
292 1133
815 1874
376 2009
467 855
3493 807
3568 331
9995 19874
465 9179
553 313
461 4358
440 2284
4795 9701
2622 1536
1004 722
3250 429
7560 334
2884 83
1689 349
528 816
3107 476
795 536
8654 3561
1238 2839
1296 3906
510 501
9075 432
1018 350
2173 2041
2477 641
2019 773
1368 619
334 4569
1476 14720
78 476
1693 1144
1235 378
431 1193
303 362
529 775
584 347
952 7513
5079 609
616 5062
363 1030
333 269
13381 3949
23347 344
463 1210
78 520
329 498
7117 571
679 1030
6177 6171
929 3191
324 2034
23356 3498
661 1659
267 1442
706 283
1045 904
1627 788
8128 284
1400 449
5428 900
815 3087
325 504
348 1087
1122 2145
2108 946
1772 495
1716 294
14742 743
473 7918
4310 5536
494 837
402 309
1858 2903
50 5040
428 554
674 722
283 385
582 687
728 594
930 2787
269 3347
4875 399
5428 1169
2419 759
402 573
489 1608
3300 2263
348 343
1559 504
5467 302
403 4391
264 946
869 2480
899 347
390 3600
5972 300
4065 79
439 1138
575 2230
5073 405
999 954
2644 1359
7413 320
821 7611
764 818
572 434
1233 2255
2154 383
14064 365
802 3847
468 1413
4488 1483
1430 3976
575 1785
1006 453
706 257
466 3468
1869 79
8541 1381
6406 895
336 2290
8033 693
516 504
867 302
853 309
16379 365
1233 303
342 1555
628 399
2701 79
586 575
9725 3601
7770 481
1076 808
12369 297
654 504
5499 441
79 1794
2405 269
2537 607
2882 1260
12873 17381
809 925
2478 364
662 2639
382 1192
4303 529
16105 3137
395 1272
369 2910
1159 2350
1422 798
5245 302
3703 468
304 423
11073 2453
608 864
6780 472
1080 2333
554 953
391 1969
7975 634
10711 1380
642 941
5757 301
502 5097
1324 7976
379 8915
302 1018
1518 52
3736 6865
1348 1120
386 2565
1444 279
2363 324
304 435
923 494
4595 619
2595 1631
1050 283
1646 403
531 2684
910 876
631 1675
467 3481
3172 348
515 2648
386 347
968 770
8983 553
2982 486
12887 264
2961 21576
323 351
3576 477
1344 1872
1095 445
783 944
50 475
588 260
733 13442
473 6984
329 415
738 428
396 552
307 1609
1306 3437
304 1485
483 508
18469 1008
1312 705
1009 347
907 592
360 1708
8965 1062
2775 6768
6060 421
4112 551
1162 449
2244 4858
13282 1276
2579 12882
12905 499
4433 1576
1114 2217
764 839
348 1647
4979 1856
415 699
1049 78
1365 378
4119 1699
984 1023
638 2915
435 3387
12113 561
296 7192
1005 297
589 1724
357 1158
11026 3063
437 410
533 452
1165 553
4027 354
359 1104
1223 1014
4581 1045
2685 5657
1683 1097
1552 489
10035 365
10648 875
792 15569
1515 1157
623 2313
781 5676
618 393
287 1063
901 1437
14841 17457
4330 362
546 1033
785 2011
1802 763
5539 3859
491 427
4102 429
1004 544
387 3509
1040 1049
2935 509
1328 2496
1106 1081
51 744
3642 905
718 546
3211 330
14055 795
12873 382
11508 7547
482 3458
624 695
17479 332
1597 5796
1041 724
555 981
3186 40
1125 1642
2404 584
5880 1210
3406 79
9184 995
4453 904
279 520
21685 874
769 1020
676 965
1128 3087
1796 268
727 5085
1380 2127
649 2159
455 78
362 6066
485 11914
723 1228
368 11940
3957 2362
79 1411
655 1243
472 1133
583 919
1312 566
5749 13492
4854 330
2526 1787
297 3550
597 1618
1959 2087
496 2255
1914 302
4465 3847
462 2443
2303 544
810 3260
1454 385
1454 334
1277 394
912 7565
826 639
5627 257
616 2201
381 438
496 3882
468 3166
962 363
354 279
304 6543
2716 3968
988 524
334 3070
1270 425
853 301
2489 2462
1629 83
679 328
608 2781
463 3841
264 20106
2101 8625
303 724
1302 599
1806 8134
444 297
15630 767
1226 798
1343 356
2202 3223
6510 4590
1119 361
305 3806
1004 965
4517 1001
321 578
1040 1535
1176 477
2266 115
1272 538
468 14762
367 1811
5476 1800
386 4135
763 489
433 297
425 2678
1915 606
325 1372
8939 1433
5121 3375
356 1248
1767 1913
8608 366
1460 905
11955 300
1466 437
1268 331
3785 504
1318 2179
6544 1633
5036 344
458 2302
1554 2188
16504 1584
781 1545
424 592
526 679
481 1367
3402 3683
4901 486
8130 6002
968 475
78 475
634 2828
6033 259
7025 2252
279 1625
1394 843
3845 6079
546 297
5019 1401
292 6389
889 923
399 1260
412 405
1107 1838
1712 5825
1507 2910
915 438
489 1869
1288 2577
283 387
11964 115
2006 1576
456 989
1511 1327
1371 499
594 1681
529 681
908 2790
616 4885
1173 2775
587 1043
7227 3158
1391 933
8812 895
725 1290
369 2152
2430 3051
316 9450
660 1096
4591 819
3861 1617
1480 20178
1086 3942
321 839
943 5189
1452 470
1739 6625
15670 883
673 1146
1090 471
5584 6915
15671 7547
14711 420
546 410
4613 592
8426 452
1559 431
526 321
1408 6429
1344 4175
340 1584
979 2317
534 1425
4233 2118
3526 4071
2273 294
79 626
1197 115
2391 437
382 7472
5284 300
11548 922
316 4494
620 508
919 337
962 314
491 1475
591 3554
549 971
558 344
4933 441
591 475
4112 8268
667 1528
1129 1415
3372 573
2458 1464
5310 365
9499 818
929 468
541 546
817 2005
2096 300
458 1688
11822 1370
2935 3746
8974 1369
67 3186
343 2745
422 6678
519 302
18791 708
482 378
615 3651
9341 620
685 3219
1799 1510
8383 1030
415 884
781 8143
348 461
14098 529
547 876
1368 260
421 1502
961 594
2250 78
1484 4763
4375 1715
12977 1072
323 447
348 1014
820 1141
638 2593
2059 388
3326 441
828 2804
4507 4379
357 544
675 555
4829 1060
1635 3581
1139 1239
575 2987
452 652
433 2411
11256 895
481 900
11009 5514
930 497
303 330
553 5025
9330 3726
511 794
661 2198
12482 561
356 290
2290 259
18819 473
292 2700
379 499
4867 440
2039 988
1122 447
571 579
1279 5026
1729 11563
816 419
2460 3354
1476 423
885 544
15351 751
3341 2928
591 16588
4493 538
1452 2121
530 686
437 400
360 790
13317 1532
682 3219
2264 391
257 394
1807 2412
345 50
307 2230
410 420
350 504
5769 282
662 10213
5128 331
83 1837
387 2009
2072 3622
409 928
633 820
336 3110
550 514
1909 947
369 1067
332 434
3141 498
654 2687
1433 622
6040 609
439 2402
13573 472
386 2092
409 455
9084 577
21919 467
1862 294
608 1320
676 4835
1620 1994
1397 3394
657 1612
10422 2587
1419 700
894 449
5120 9079
1961 2996
718 4803
1688 475
8033 487
1090 10740
384 1250
2985 300
5822 6590
1119 1153
1986 433
3103 470
368 262
21938 384
7878 745
894 437
403 452
366 697
1032 350
307 1968
362 3795
1648 2354
368 675
313 1056
672 3099
756 532
3178 302
1356 477
686 394
6246 300
339 1077
350 667
2281 396
7835 7151
2035 1448
670 4643
514 7457
913 1883
655 453
301 1153
262 343
343 447
1884 4711
520 533
806 2053
1589 2218
10107 2440
456 944
5457 1215
4213 610
587 432
374 1252
415 1185
1525 1718
975 78
759 1972
2644 83
5970 384
491 794
2739 294
1858 9788
507 3127
1457 681
731 259
4929 2440
715 881
785 1244
663 7618
453 4401
1641 115
332 3173
4588 1612
7796 665
2226 1194
1519 544
1507 359
725 737
436 1886
463 1058
775 1339
1834 3511
785 2274
757 1364
412 947
361 519
1710 79
2558 1259
938 329
1849 808
388 1516
5139 697
1735 848
1036 344
1003 499
441 477
587 1174
3295 998
4268 10955
279 523
1277 546
2065 435
785 1165
5302 588
1018 5373
761 804
430 2046
886 683
1757 8435
24025 22013
404 1530
966 358
3302 609
1278 1972
688 380
15709 20356
421 780
376 507
8210 1235
440 897
482 6431
13463 264
2081 440
264 3771
79 765
3902 1264
7905 403
3936 260
1452 279
433 13607
401 259
713 3237
467 12009
325 643
1094 2877
330 547
1441 6518
303 3798
11173 300
854 591
2900 4423
3724 421
52 40
6047 692
1796 405
1861 373
6138 1035
1586 2344
1203 763
1461 641
14297 52
2540 2772
2696 606
872 306
533 111
2964 1469
682 6976
277 4082
20398 1152
13580 1440
432 808
4583 378
325 259
534 5392
1326 291
7186 833
727 1905
358 326
2993 20406
8687 365
18953 288
24087 1666
5776 331
314 946
3084 686
1385 2179
483 1722
1355 751
1211 393
325 1039
305 1107
4827 780
788 459
3709 380
533 1695
870 569
4327 540
327 398
951 921
477 12848
350 1964
925 3599
1103 424
1783 342
950 2060
339 3689
327 5197
1840 7017
1563 3967
339 3918
1722 2136
8594 16682
1040 1849
78 454
1398 1728
2686 737
611 978
1434 15023
2222 320
631 656
583 666
575 3225
2270 1195
2167 269
415 846
868 600
452 14645
7939 10125
362 2955
1294 2471
8224 365
324 6378
5251 791
1565 2926
5236 1483
1328 1073
3850 79
305 4592
770 387
1256 347
1970 2102
459 297
5440 5224
3677 599
757 3385
713 9282
5582 499
264 511
1932 1195
2683 268
337 1489
449 390
276 1253
418 1056
538 686
11167 262
930 257
574 5968
904 3305
304 982
6705 11199
1189 603
531 970
483 876
1189 1175
78 20453
330 10182
810 2801
1461 79
3532 739
1590 496
904 3767
461 8773
452 591
1275 373
511 279
267 648
626 1252
5073 429
724 573
3454 257
1398 3059
4511 1820
2530 579
463 910
515 4652
1950 78
552 594
664 719
264 3612
1519 1751
1122 2642
481 1437
764 1528
12549 932
4093 332
815 1776
306 3033
1328 1396
8148 604
511 1606
1783 899
1315 1688
1059 2896
2051 3154
454 553
2016 1542
1400 6306
353 314
761 1016
532 1149
7107 2239
1078 334
1549 795
336 1573
388 2314
4281 970
2083 3134
469 4661
2497 1226
1882 3373
336 3758
748 3723
434 15064
4945 383
356 2491
41 295
50 1009
2650 455
5718 8386
12881 22193
1059 890
634 2811
393 10697
12256 2320
3073 552
2343 341
1864 881
440 1141
4356 279
803 277
810 2677
1405 297
5083 437
3181 2426
866 626
574 628
1574 523
264 1598
2783 304
2534 2779
486 2361
1813 6327
11073 1814
1342 15803
1203 691
4513 3322
515 2862
466 368
3300 745
854 1252
399 1161
6095 641
939 7018
486 676
411 648
649 537
1739 83
708 11206
1019 529
339 2793
325 629
5350 437
744 1682
528 675
4794 6843
6144 1320
3628 282
430 701
1536 1267
19075 971
347 667
1138 2980
740 19078
4433 637
2852 283
4291 257
1348 423
388 2385
4186 1415
2614 2589
950 385
4875 1274
6136 16761
281 1072
8035 1396
725 448
18588 115
4227 1170
337 2105
78 370
4937 1597
2970 722
12046 833
726 13332
1330 4387
4767 639
5918 282
283 1201
591 4348
514 1379
24317 696
4980 1676
307 394
258 3835
287 500
1207 19099
10407 834
2780 8654
379 1764
1090 3416
19102 5263
283 652
896 427
2087 363
2815 604
653 2062
624 1684
441 350
296 13071
439 730
1383 111
381 378
1661 303
1575 2284
13066 79
2201 3523
617 697
890 2418
1002 496
467 4672
936 487
690 489
14138 328
682 3906
849 257
260 1641
1358 13267
1244 301
608 4655
19126 763
880 434
503 895
519 1208
587 5075
2825 690
5850 2488
281 858
432 1482
3308 820
764 904
649 963
53 314
577 551
1427 920
391 452
466 825
281 480
3484 963
877 308
14698 639
343 441
307 378
400 646
5775 916
4504 337
388 8629
2283 3543
547 919
465 6860
7297 7201
2515 387
2342 283
1892 12055
297 2893
267 2043
3308 934
7320 514
556 404
497 1205
1531 350
14190 4389
1630 2257
720 722
8112 2094
588 298
660 1745
575 3051
3747 412
2130 78
2386 7875
1850 697
9387 1423
334 2568
699 2804
749 971
770 83
1293 791
936 2244
8760 443
3572 5602
855 712
2514 382
488 78
690 775
581 600
1595 884
5268 277
645 2417
444 444
827 471
1664 435
2721 762
378 8280
12887 11632
936 552
8021 1863
727 2878
5162 641
299 1939
391 381
470 3475
1826 437
514 2750
1035 496
1237 520
2221 423
1940 7748
267 4117
452 498
330 2275
4593 303
1339 9117
517 1682
1327 349
2634 330
2376 5242
471 1157
279 889
2157 3652
2056 722
759 1560
2644 403
2070 270
301 79
1136 277
296 499
558 6665
2951 281
13694 1086
4065 1516
411 15077
4887 712
376 1280
1782 388
458 3170
1986 631
1756 1190
441 2390
1731 3429
9017 264
5349 829
649 474
961 434
583 1004
479 11372
480 928
9805 1366
1110 2403
554 892
4484 1771
864 1082
1846 41
1254 399
8196 712
487 1956
3160 283
558 14388
330 11890
1527 279
463 3204
404 1638
951 6907
9050 910
549 2736
2795 743
296 6019
388 11555
484 12038
643 356
4125 607
3782 609
7531 704
994 410
306 341
475 427
1108 390
2057 339
3742 341
8891 269
306 3336
468 427
503 750
8064 399
368 283
12922 10025
6461 424
832 257
933 592
2960 303
47 937
525 2426
339 3093
421 3435
1643 507
435 1042
387 427
1855 17513
873 6413
2480 303
9522 5783
441 7004
22411 1152
1641 366
951 2760
419 2235
297 51
1336 15786
297 1601
3859 67
3328 437
337 49
393 1161
395 1433
342 4502
3537 3655
6392 857
740 425
1059 279
701 353
292 5858
1090 1609
2056 1258
1410 316
383 1419
1845 348
624 3723
1742 881
452 344
3012 294
522 14270
1042 386
1505 395
9499 904
9097 331
1432 559
316 4002
432 1437
3251 509
391 303
2276 437
3066 348
601 1166
430 387
12572 952
4546 49
9534 3632
948 934
298 2617
1180 628
4374 282
78 11169
1300 310
435 847
836 1609
3991 1883
1591 546
461 744
1040 843
51 44
297 8060
7300 628
1294 1157
802 10008
11551 282
80 570
628 1078
2058 518
108 748
12172 444
6844 40
711 1193
7756 1010
9264 927
9331 19242
465 4136
10828 420
1625 1218
7217 300
410 3868
600 1786
484 2794
496 383
2146 1285
1057 3748
12081 3158
431 303
498 656
1247 1896
625 83
3731 354
5683 1020
4288 282
3635 5259
1239 520
2793 79
655 951
1217 1438
574 1578
8448 1605
392 499
382 834
2366 276
290 3303
321 334
882 281
2105 480
3063 334
865 2697
452 3922
1006 657
1735 6422
574 468
709 3147
1180 3354
548 578
3184 343
3388 78
2405 717
498 41
561 765
936 975
1717 1890
433 8846
8793 473
516 401
3852 5218
411 3670
2739 348
886 919
2579 440
792 2671
1599 2717
721 1629
1075 344
383 1472
431 5090
1295 5848
7735 361
440 1634
492 1594
412 2467
547 914
845 497
1709 2037
6896 40
734 7037
674 978
586 3894
1145 308
321 5526
10257 2134
79 698
860 698
805 1672
1224 1632
376 1497
6509 867
9510 599
5042 282
870 698
339 3985
861 1257
1295 1780
846 476
1020 477
327 621
2120 13719
432 1367
507 591
1006 4301
1104 1244
956 1674
1351 1391
458 688
2814 83
292 1523
821 313
11970 7464
24715 403
1575 270
281 4814
2079 1485
1322 339
1812 283
844 269
860 2732
893 555
1334 19309
2277 257
390 455
297 2590
871 808
376 1252
742 401
4914 609
307 2269
907 679
1364 1406
2764 354
323 3693
368 83
6130 1073
382 544
5589 307
9742 12602
1515 373
8785 420
964 268
267 4903
3331 350
522 13501
469 7859
5542 3999
1422 946
382 1659
300 1412
1346 2197
2900 988
1769 416
1133 410
620 904
731 498
688 383
3083 3435
460 830
1068 4210
356 382
400 2621
5871 307
326 3820
3684 264
1342 1140
325 4556
522 16909
1295 5646
376 348
785 1191
6515 360
1529 497
292 1452
1331 833
1296 4166
3215 2661
3845 1713
1723 499
7796 553
518 504
865 882
1756 700
1254 386
7724 2391
1812 78
1057 3739
4613 796
5904 492
378 2945
3201 500
1473 610
390 2940
2121 79
83 472
2691 344
683 1803
987 769
1361 606
15379 16234
638 3752
468 302
839 4620
5769 300
1446 578
4488 366
307 3740
339 1747
1590 2032
5883 1629
8068 282
1154 1423
1135 2495
1332 11745
24817 3031
298 2339
403 440
5036 6131
3851 2053
18008 467
901 1141
3919 421
5842 4893
4903 581
1795 3566
387 5923
1582 453
425 4237
919 2342
2797 1073
19215 326
5170 8887
925 5053
428 952
1115 1022
516 7849
986 326
561 22648
7558 903
1787 739
1842 301
668 12096
415 465
339 12095
412 515
526 2362
401 637
13647 3182
2204 470
1118 412
3518 297
511 689
260 307
2953 330
435 3538
1335 637
1901 269
2047 1161
507 441
1443 1017
1347 350
3731 931
3112 1032
492 4486
431 1137
2282 257
3868 309
79 3034
15523 79
2536 2957
719 5378
353 538
78 437
2844 925
344 483
301 965
1622 2912
939 396
1572 359
660 676
736 271
2629 302
915 259
1090 829
813 433
4377 477
1564 2161
3600 427
1035 967
2225 5579
1724 427
428 459
3941 798
3256 303
22683 275
566 334
1534 448
747 2860
83 2754
505 833
6916 472
510 1377
5824 1660
298 896
992 444
40 3048
872 1915
1866 1843
5560 607
5618 963
1125 369
641 49
1089 374
6078 753
24917 2886
660 4043
305 1024
24920 4484
2313 789
283 665
5870 383
2805 344
843 584
470 401
4743 18006
324 503
7185 50
613 876
1154 268
492 847
12612 1537
558 11210
1005 257
287 2737
650 1598
10022 2283
1024 800
1248 468
496 993
1035 279
9561 995
4485 6632
494 303
467 3978
781 581
6057 1448
4013 983
7619 635
815 1950
2291 329
1304 933
9628 413
1159 370
341 447
1349 520
1203 744
533 1002
634 520
2189 578
915 1097
550 628
866 1468
4972 291
2170 405
4823 316
467 379
7548 1235
3525 361
1339 11226
4417 287
325 1254
917 2327
1875 925
2154 983
329 732
467 5939
553 287
324 12643
1070 529
2050 1354
498 1069
3667 2433
304 447
1361 1269
2141 2269
770 3561
562 11595
2607 283
7810 1418
501 349
741 2742
1835 1051
469 5993
262 496
4933 1496
269 304
316 18871
6220 1287
487 477
3732 6213
7962 20950
8368 644
10114 269
379 1138
327 1527
1719 380
1834 373
2565 452
812 1348
2086 79
756 520
1612 619
298 2030
2077 798
943 1323
1933 378
762 2457
893 2393
566 297
309 1732
897 800
372 722
2824 983
4546 40
1142 12578
759 2261
576 499
733 578
660 1576
334 651
608 860
815 1298
321 399
3203 1455
4587 8669
3229 13072
316 3088
6234 261
1417 379
1509 607
2935 413
411 1001
13316 2323
1919 587
3038 350
589 78
5949 8383
591 807
911 922
554 930
1429 259
2201 1140
1688 3917
2690 428
1015 1645
473 2321
738 2692
14198 708
7335 960
83 1206
293 1329
435 361
1524 472
439 4443
683 1623
4584 499
1154 1943
1515 1017
348 1236
302 519
343 1964
277 18806
489 1872
10136 2375
1297 4502
550 473
719 422
649 1994
264 5100
3729 433
2073 872
8605 944
6441 454
268 9299
1586 303
709 4405
1134 508
12108 2005
297 2685
3431 455
22804 429
383 718
4191 472
604 1483
599 847
725 475
19446 522
418 418
404 779
443 870
378 1190
343 1311
292 3759
2899 6338
461 7069
593 1477
1134 521
963 1631
8820 2205
1050 1239
576 51
3267 336
2818 1406
485 2022
388 1531
7670 258
13765 807
283 1837
836 8826
2475 1055
3736 551
1666 470
913 16014
1079 3581
547 594
325 587
866 1474
2301 823
984 6249
264 407
460 2977
8812 1240
442 378
387 688
473 382
746 270
350 630
8023 378
421 515
713 1487
3957 3124
10529 349
893 396
108 1399
371 1468
2956 2318
666 3415
672 314
1940 8425
2039 1906
7076 7201
719 5693
362 1898
1596 618
6152 712
2547 1196
411 18094
264 1537
2475 16041
1006 1532
271 73
915 3033
804 350
6354 8627
1384 1087
382 9576
279 1343
5785 636
1031 743
467 7348
597 923
304 705
1417 538
10539 284
8045 4759
3390 2905
1192 259
3035 403
10543 1631
608 5462
468 968
2675 516
4021 1169
919 492
2421 1673
391 329
356 1755
21063 5465
3858 403
459 2871
468 993
2454 1301
3100 3534
3802 2053
1381 115
775 1473
866 1743
306 1087
14491 960
1028 4759
1496 259
473 8846
1285 434
1358 3268
485 18079
719 1802
418 465
5318 2795
1107 7861
1575 3829
4704 881
386 1985
1700 692
324 666
412 1407
709 2800
602 965
1309 1253
6809 1149
1293 1170
629 1410
471 916
385 618
111 4448
685 389
9340 337
359 1510
18136 8267
1565 2363
373 1908
432 1415
12681 378
3142 79
9093 399
3539 302
2328 4824
718 337
1771 849
297 787
330 1001
336 994
663 2863
762 1533
1324 561
723 559
473 564
415 448
5246 538
518 1935
4470 507
560 2937
850 766
2449 337
1569 499
16100 1186
888 5472
6844 6590
11318 1377
2537 1609
50 2068
271 709
5125 19582
2473 268
7878 328
3139 1022
367 2608
628 452
747 3542
2222 520
1952 1230
7359 571
3136 357
336 1075
2510 78
550 675
1633 520
7231 1296
841 1580
12176 426
1083 610
8073 283
5066 394
918 585
511 427
1362 256
1454 436
528 4568
2276 538
410 15294
3041 283
3160 337
5718 432
348 985
875 3921
409 609
2249 905
334 3659
431 1146
1266 482
2826 289
3545 2053
4106 4717
339 2258
626 433
2530 572
1213 5007
10585 41
401 544
1228 368
864 974
385 643
1780 529
6980 3542
25316 1247
1296 1933
1189 259
3344 476
54 320
597 736
557 431
1108 726
8664 507
2760 343
1116 436
822 4835
359 1857
297 1497
1715 441
1047 350
1007 344
1452 303
10590 269
382 1686
348 4952
12207 1436
78 3269
564 1058
551 1326
78 10591
501 4821
400 615
458 1080
11359 611
1476 5473
908 532
325 1026
4558 429
2994 875
459 1201
1397 298
391 1354
2979 862
1360 282
1383 954
1409 51
268 478
1279 2145
4450 4257
681 645
330 846
83 1334
342 445
1191 800
5827 300
9575 420
6167 393
323 1673
1247 1206
2489 40
8097 11369
436 7209
457 291
964 15225
1453 1269
791 653
1094 2216
3772 399
415 347
385 428
694 267
4017 330
333 2216
1116 3404
1749 1758
3982 1066
624 949
749 5911
667 683
1075 78
1492 79
1724 410
3792 79
40 1487
23101 4222
3151 279
12232 3756
6095 631
337 6970
1717 2877
292 1384
390 1818
1525 618
594 2015
4317 300
729 297
3163 867
802 8894
2892 344
1232 874
642 1319
8688 1098
298 475
564 2083
4671 905
3063 300
1122 2269
111 1789
40 2453
2189 1969
1970 3392
8483 1935
740 2556
2145 622
641 1325
1489 497
11394 440
918 818
845 12759
433 9638
596 431
2992 2922
1520 1501
3505 21271
1295 3636
292 2246
4286 476
4195 295
5190 277
956 257
611 973
444 1420
10630 1275
8663 304
673 580
2540 6625
1133 616
772 6192
3870 8247
1502 466
10545 420
601 707
2094 1819
299 8300
269 444
83 870
329 396
2050 1830
1150 1907
810 744
5711 23144
4034 2589
2814 330
12252 879
1493 5915
974 257
388 629
1544 935
1474 344
7129 1532
51 1260
330 2880
511 1523
7130 5655
456 2612
1422 1030
558 4638
1399 644
546 78
685 6361
412 434
427 2753
3782 455
1138 401
1274 2217
839 2803
724 983
574 799
1451 607
1168 276
17199 904
507 41
1113 4985
314 618
1094 2888
329 4271
507 8501
1277 5249
4368 944
8285 855
3220 599
965 348
452 996
8916 2813
470 1664
4708 18321
289 483
289 448
1632 347
660 2046
73 609
441 628
979 468
3735 523
1369 6747
760 4905
5419 2207
785 2002
696 620
316 5390
5408 295
302 497
655 332
659 846
6168 421
78 3078
521 664
362 1672
2205 79
422 6007
260 5560
645 947
987 972
638 2174
369 7580
436 1809
269 390
1522 466
589 401
3732 13195
3506 616
5563 307
6296 931
3186 23223
8706 12220
727 5717
677 985
11003 591
604 405
7121 282
3952 3124
949 79
560 1849
277 11424
1217 1147
9407 2818
470 597
1199 4012
875 530
616 726
422 8129
936 1939
4634 3364
5582 7141
3125 379
2173 453
10311 933
2171 2042
463 1377
1144 1408
422 8932
10274 2211
437 1226
3210 257
3131 739
344 576
986 268
363 978
6522 688
1314 497
400 470
521 1085
663 6681
676 4644
3502 257
6491 1924
1413 2845
2761 538
821 3507
9415 1327
4785 8321
1796 971
13995 1814
730 292
389 7745
653 481
3986 7277
380 649
4160 4882
2277 294
813 279
762 51
108 832
290 8715
20997 7202
1113 2330
817 3022
492 7723
388 284
492 518
2545 1870
1276 896
487 5702
893 1066
1755 427
332 428
3631 1033
8645 1381
1049 332
1255 301
746 1024
10177 18398
883 1015
2090 581
2039 481
1204 944
392 3750
2439 9334
1466 379
1150 3900
521 1378
5344 1418
3904 609
674 1258
530 893
2020 303
79 7260
3236 18418
1328 40
283 1314
616 2293
459 5342
2479 900
1730 313
887 329
1224 44
3540 452
4717 592
339 1813
2267 78
955 257
552 301
386 628
528 9434
2520 3817
432 1230
440 453
672 578
1937 9566
1459 2145
50 13365
3317 379
3977 397
1405 468
12840 7151
1180 1843
2541 898
3316 9181
2267 291
49 704
271 846
675 498
630 1262
296 2381
1077 8429
475 1000
292 819
303 1114
430 3534
7153 3375
4465 12200
775 1514
3327 579
10565 1406
4591 1425
718 860
2493 4312
5153 1062
337 763
18446 277
798 639
1002 1002
1752 2584
399 1167
629 470
5154 356
6011 796
2132 10872
3873 1232
6767 453
1507 499
1505 988
665 868
661 880
1139 9445
7760 352
7338 697
3647 698
638 808
2429 264
3056 353
3640 1904
300 5516
979 3905
387 1071
700 295
6998 67
8667 1639
14735 3375
3272 1242
1138 813
473 6085
1057 2397
3981 2040
343 1530
11383 1049
3783 387
349 1073
396 440
1834 3148
2246 424
3142 493
461 350
4709 1260
1803 303
258 4577
554 271
18478 607
3736 794
407 269
1761 45
433 7918
403 3652
332 258
10018 1015
25747 844
2995 316
13954 3274
364 40
590 83
720 1468
430 1185
388 711
991 404
1769 78
2754 1470
1288 5053
5135 279
6419 300
987 8041
2393 330
1041 3415
3119 5544
2157 444
777 1262
522 6313
550 4568
344 2646
494 1859
2035 1985
479 6120
822 621
606 483
83 665
749 13767
2531 631
1434 707
1489 618
1077 457
16008 889
2313 787
3937 2407
920 2263
386 1149
1277 709
452 1366
1063 111
339 1121
566 1460
2640 407
3072 79
1217 410
296 2732
981 2596
462 1888
554 7290
1176 79
2198 294
8348 3234
6220 3338
275 4371
268 14074
363 1843
1074 520
2947 8310
1098 3733
2634 83
4851 4133
4750 794
1124 774
4499 13420
440 3818
344 1266
534 2585
2911 4271
1280 993
298 2647
827 3542
1628 350
412 262
2586 434
6888 800
508 1866
5158 302
483 730
110 800
1959 688
3801 537
1145 262
12875 1825
4143 1941
258 546
382 10359
496 1236
2574 14786
6260 8744
672 418
669 714
583 574
1189 261
11799 577
387 5122
761 3753
1635 1896
835 808
923 731
10035 949
632 507
2341 344
2482 1617
300 1841
1723 5472
574 6426
2329 1420
1845 444
1164 14797
23493 1143
473 15542
5840 11081
507 6784
1627 407
2048 1254
561 577
458 1752
8099 673
25867 9881
798 486
2129 1451
2461 115
498 6874
359 7165
12152 420
867 1253
1249 3493
4529 599
8989 732
436 5572
6606 2661
718 1640
449 1226
4778 6596
2449 283
418 1015
318 609
14807 420
1500 4645
78 1181
723 7505
663 295
456 1516
1086 996
304 1562
277 407
14664 848
367 2210
1154 795
831 7415
845 330
1973 316
18597 3130
9739 1537
923 279
1397 2462
2041 443
2492 834
78 7170
463 851
4777 750
367 2491
1375 989
835 333
260 1820
5249 1100
2255 302
1015 536
713 1349
813 3911
2251 580
21615 7025
9950 403
6197 473
10730 611
3727 6791
1754 5825
1476 798
410 470
1383 712
1320 496
7874 269
390 722
292 2448
412 11101
326 360
300 2195
2530 1195
4178 297
1296 2652
4627 302
1339 487
1070 1612
17453 2066
7977 370
501 4350
14831 896
1780 449
828 316
976 283
947 448
343 1119
482 707
1990 298
49 763
1959 3425
4019 477
1408 488
51 309
546 552
638 1999
7167 307
13471 2587
788 508
52 269
647 4894
1135 9701
2824 6760
1991 378
466 487
1104 1672
1630 6377
685 7162
534 7529
421 2647
1889 18148
2872 283
10382 657
854 441
3079 41
651 386
3402 385
12926 428
735 10731
1564 83
861 13478
300 391
726 2501
347 350
339 2680
1028 20059
9707 2652
1967 394
8764 3624
2542 303
6124 611
7523 334
40 493
360 1365
1318 1035
587 3247
727 337
1353 11869
729 5492
706 1740
6205 4162
325 11931
1515 1220
1875 8490
1223 480
2610 983
1322 472
17484 2652
1064 410
3153 288
3356 2343
381 1633
749 1598
2311 1936
8044 898
283 10355
3481 1011
551 284
1481 8280
297 691
8688 421
886 594
717 5564
2181 440
1908 427
2065 459
264 277
23621 16465
26032 433
26033 2259
4634 840
3348 283
329 4477
1791 427
332 14438
5163 657
9008 3354
3519 667
1916 599
2196 348
316 8343
6946 282
316 1345
1245 367
574 497
6478 577
1088 2197
1096 723
604 697
337 681
713 5398
260 444
403 302
786 297
283 2570
344 1457
83 2200
458 1078
15617 349
6970 300
4052 1918
681 3114
2207 1069
12425 2069
7690 365
7719 410
439 854
400 1505
332 869
725 2336
362 1535
3654 899
7598 1896
402 2347
3554 361
410 308
1499 110
344 1796
4980 369
4584 1612
40 763
3565 445
4714 110
457 743
1301 689
2904 1169
1057 6247
10376 573
6781 288
3211 7393
2873 1162
18703 3943
3058 498
1855 1690
270 2246
2499 281
316 1617
15631 500
1461 360
364 8715
297 3233
849 520
23673 8297
277 553
7042 622
654 472
279 3248
1491 1158
813 5762
1187 2070
717 4713
663 7961
1917 1856
12444 420
2282 79
901 695
368 1153
1351 325
698 376
1592 6791
4828 435
111 449
14177 7436
575 1683
1658 1906
1095 757
1228 269
5936 1082
1959 83
3701 3262
391 587
2574 4277
5317 1096
435 9016
15644 2128
3689 7873
1115 1709
633 5269
336 1241
356 78
4033 1947
629 1014
6497 2453
925 1409
4365 1949
672 641
864 380
715 1367
8138 833
2656 765
511 316
7095 751
14896 1537
449 643
2082 437
4284 486
3947 316
3291 279
2731 283
49 372
685 23711
841 279
1376 2047
378 1080
1062 697
1040 1971
4053 257
806 1530
5538 337
4330 2242
1628 473
83 1649
369 3029
517 1092
1356 259
292 1163
950 336
325 729
40 1400
330 7663
316 4807
4141 403
4078 2084
399 1227
1588 427
459 1061
11093 1237
736 697
3142 399
727 546
1767 1209
491 329
10763 828
5808 1423
5749 20167
4599 353
18759 343
1083 1929
1769 410
828 484
329 2129
964 3686
410 1951
6786 1145
3300 345
1114 404
641 1228
558 978
628 487
5705 811
996 301
9985 282
725 578
332 1584
1453 587
258 496
521 606
12922 18770
1424 1676
6024 697
316 7811
4395 561
304 1108
20197 52
1859 391
6115 887
819 10902
316 17587
271 461
583 930
561 454
1473 3723
2191 879
1207 259
3427 2602
814 882
3105 5231
416 49
362 2989
5276 282
324 3798
738 1191
412 780
6931 1275
518 12130
2927 79
1512 11976
1361 427
342 7689
16562 445
10770 111
728 720
431 1553
3073 644
3401 337
5349 16564
1152 755
867 529
6330 365
337 1016
675 1998
329 2045
2290 337
1970 4440
1005 2325
602 3024
755 110
1032 913
997 553
945 2029
534 1523
458 546
757 441
422 3240
985 383
8968 975
479 4362
374 3821
452 704
588 49
1515 1170
290 262
7356 300
5551 356
1855 5509
551 804
324 3048
437 431
4977 577
817 297
6896 3075
83 3603
1386 526
1118 3124
661 1370
466 455
1057 14569
1344 276
271 6607
1095 257
7149 1240
2994 111
1966 330
389 11558
1381 111
306 1105
4205 51
5112 7025
290 704
13563 14231
690 1341
2099 344
7063 337
83 2406
2598 3968
339 3524
740 15713
538 729
11508 256
591 2336
908 2792
6726 1056
6234 444
10951 281
5749 14702
1400 1530
1528 2238
1564 965
3504 1011
1128 21681
4532 40
1173 382
2441 405
2148 1950
395 1091
1111 427
18832 3441
415 631
845 5914
295 671
531 895
528 7344
630 952
5391 852
1375 467
3017 283
2915 83
633 921
3166 331
1681 691
409 626
1617 859
7402 307
869 5581
4695 995
400 636
666 466
422 5223
1681 7819
2004 282
324 327
388 7550
14536 5187
5297 356
2183 3367
1406 50
385 1365
45 466
587 2125
1109 3062
3948 690
1496 440
1150 341
385 2049
2141 3679
1889 21863
3885 260
1959 4621
1098 3831
382 7647
1176 262
437 334
3155 1242
324 1455
1937 2441
1932 1220
1046 1758
1116 2006
742 6793
2995 589
531 1941
620 930
20298 320
347 566
661 4183
306 1159
535 1499
1814 1223
2349 257
7414 7014
769 800
497 420
2834 11575
475 1343
356 691
2694 629
3525 837
1168 8389
533 427
2569 332
3564 7237
1113 297
814 1049
51 2177
7171 11701
462 697
316 2414
298 1360
366 290
283 2258
13009 2937
411 1950
3081 302
281 2784
292 1211
1090 481
5482 5546
1714 1450
854 79
3289 3655
8785 281
1949 9186
4248 825
2607 17472
13591 758
618 399
978 6671
1518 6251
83 686
3702 750
8210 1329
1194 477
11523 1049
9753 4745
1857 619
1866 426
498 639
719 3376
458 589
1380 361
307 2284
664 683
411 875
860 569
9525 6581
526 3274
448 329
390 4135
2033 380
822 398
1718 303
376 1061
2970 455
805 1335
735 318
726 389
713 1085
6463 11684
1533 12439
1105 1859
4014 300
9024 1337
2215 328
652 4348
1322 434
432 1602
3094 404
5764 40
12231 2945
4527 745
12875 756
381 1964
40 629
961 839
292 3208
325 2183
545 2119
947 477
1849 607
316 1309
9796 1327
13230 14591
590 401
49 2762
6885 51
304 1475
3775 5231
7212 5750
480 523
4809 424
384 1347
360 1269
3774 2134
1721 111
907 111
1180 370
2527 3976
463 1566
15689 766
295 947
13567 790
395 552
761 662
3785 361
1363 622
9501 300
316 2487
357 1687
913 1976
20355 538
2623 4234
481 1552
83 61
1505 1602
1643 2252
1939 2584
475 848
391 837
22026 2131
360 945
411 944
4057 756
668 6432
26537 1224
415 269
7714 403
616 479
1112 306
22036 558
295 515
433 11251
3549 256
8967 111
363 1743
1797 3051
324 1550
1386 4941
1541 11309
2348 1428
6790 1507
10039 2567
22047 1260
3867 905
616 325
2154 279
9709 1152
329 7720
855 530
624 1999
1189 283
324 574
7199 545
279 552
13611 980
5871 412
468 307
2374 349
6975 283
542 983
7285 399
7878 2263
3992 1271
888 9980
1722 5935
723 2049
1342 453
905 4189
1251 881
298 7383
4605 16312
283 1429
6743 794
603 50
339 582
1093 465
693 452
1775 545
7684 2704
841 782
2632 1185
461 1939
1840 8144
17497 24071
573 298
1592 564
5744 14300
4233 1205
3348 5854
10812 349
24076 611
8593 257
916 329
672 12469
296 6982
841 780
17545 330
517 1908
1221 591
403 470
270 2116
1279 2230
379 808
281 8492
83 1858
574 1061
615 4447
520 599
326 2432
6003 6261
350 390
410 652
984 1409
8642 314
6406 585
6643 1159
1364 320
7060 1922
4886 1184
9670 78
720 965
5309 276
724 1016
18976 447
492 1293
290 14489
469 3452
564 2261
356 1884
2693 3583
275 1368
323 753
307 2042
307 1247
579 970
17035 3322
11945 269
7413 1631
918 594
2473 343
498 620
8442 524
7465 6470
2210 79
4879 304
701 497
2833 1313
5989 24145
26661 1119
359 2894
1567 895
415 1527
4487 377
3351 111
387 1800
7318 419
733 2496
18512 2889
4546 1363
925 279
1869 848
3868 619
657 2888
1592 3832
8724 297
4408 1685
586 5924
11699 283
467 2014
2430 2462
306 1301
456 921
882 1020
11384 4638
682 2620
730 344
4327 2005
4485 437
302 3401
749 1676
616 1201
579 459
5126 362
390 3518
1049 4893
1306 4169
78 757
1277 5425
826 2811
8643 4461
2423 477
2563 878
976 448
4664 1377
1389 115
467 529
1176 427
373 1020
791 1552
680 490
7412 18879
8706 10477
15822 3610
649 427
279 676
4286 455
8672 645
392 3674
1714 1542
1107 2642
334 348
6166 6038
326 8753
412 990
956 616
910 730
17734 9862
3135 632
1726 257
747 1084
507 399
5247 320
13993 6394
860 2286
9773 1285
652 1009
4075 396
330 4248
1640 79
1806 1357
269 862
8444 306
514 848
316 10508
390 2198
365 2030
51 722
350 1014
594 3243
2150 599
743 115
2157 3121
1296 7617
3031 399
2657 268
462 1099
1806 4732
3773 529
3585 330
1429 337
1053 383
1059 4724
566 1183
4698 438
737 432
566 1893
452 9055
1900 3846
2951 437
468 344
724 662
20502 7575
1315 1640
1368 20504
1903 313
1598 380
2489 648
270 427
908 2012
2105 79
3845 1511
754 1184
14279 2905
3306 403
4851 13064
1308 5944
351 720
306 588
1446 1304
699 1711
510 2744
1110 2197
5865 1287
2748 9102
1284 441
2904 3278
2471 1243
3420 867
487 4391
994 1364
5103 10831
26804 2705
277 7625
264 2320
1616 476
2780 297
772 11609
1794 297
782 303
805 1327
1170 697
6445 1245
2025 468
389 2100
22209 40
2670 22105
2115 564
1995 4672
4090 946
78 1595
737 581
1531 732
508 350
373 2463
4116 4108
8934 3200
1178 350
325 1653
1399 972
511 348
8881 288
4075 1066
300 1645
11899 1380
1059 470
300 452
4573 773
597 1444
348 877
3369 739
374 83
1509 712
1405 473
686 3194
1941 262
350 636
630 1530
475 407
2160 268
298 4282
509 425
1607 340
726 806
945 520
2449 259
5214 3231
2025 10762
385 297
1677 1017
2783 431
482 487
5840 591
1181 383
4756 925
1048 277
554 1116
302 1038
13659 1186
557 5662
298 1638
984 4832
20549 433
298 387
554 1138
22242 763
655 333
962 3865
766 3533
24294 297
553 2004
22246 3014
725 1287
1421 1968
2717 2939
1810 696
2262 302
2650 544
1725 3208
1004 704
83 667
2735 7443
1959 4892
564 923
6060 307
3665 468
1588 709
12821 499
828 2588
3074 4166
8979 300
516 959
1875 1190
2133 813
1794 589
4226 954
449 1178
1528 1514
4647 1153
534 1481
307 324
5651 3483
611 1449
1003 969
6503 386
17509 92
7251 1253
2518 843
16771 3182
496 593
4794 1665
26923 743
7815 581
2625 326
2686 329
779 876
510 1502
397 420
433 15866
463 1404
4363 1707
341 592
459 846
1884 9527
2198 79
321 818
5817 300
9503 766
13255 269
1824 1886
277 1220
16775 1073
1326 2393
367 4469
2020 848
2454 851
3952 2242
5317 1809
2074 16777
3074 1074
5590 1935
1765 303
9647 331
2547 348
4849 1617
369 1852
376 587
1834 4092
22284 1757
529 390
434 3621
7671 5361
3774 571
590 2080
20580 6506
953 1018
1456 410
297 861
973 825
1769 632
993 1275
316 10346
2267 282
7315 639
10453 282
5865 399
1118 843
1538 337
839 483
6028 380
1334 4892
13087 531
908 2704
264 2486
3053 279
1574 6201
4409 276
4532 5060
681 484
2172 4020
399 337
344 2662
456 4332
298 1935
809 1433
561 738
604 786
439 1284
298 4415
303 1583
701 905
1761 1066
2059 279
8047 330
738 79
306 4468
530 2621
567 3500
428 2119
1303 350
321 79
316 4732
1284 520
865 3581
287 2717
708 277
6053 428
20619 257
4559 497
9834 331
1179 8153
1189 337
510 952
425 613
2348 882
1033 2896
297 1410
1681 404
303 2057
348 2246
483 982
302 1525
1003 270
15494 8254
13013 1964
4981 2488
5038 24286
850 1170
4117 1101
2710 1169
5808 309
305 1649
660 2507
608 1729
982 360
1731 3304
1736 316
571 349
1108 461
378 3987
961 15096
2748 16515
404 541
819 3621
560 4064
2278 1033
458 336
5559 257
7542 282
15903 24342
1777 9079
705 401
615 3837
378 3352
410 1632
569 1457
268 581
41 279
376 1978
397 1267
393 378
307 808
531 876
4298 2118
108 536
391 2314
3789 437
10481 472
928 963
303 305
465 40
12840 5229
662 7431
4679 757
368 3445
6122 1101
467 538
1251 1081
283 1862
257 269
12061 684
2098 916
344 546
3817 555
990 2049
889 3009
20654 851
2234 1196
4388 298
558 1461
489 1732
376 2116
4020 51
473 2812
8540 269
504 2205
594 1061
890 911
1714 4464
6363 1173
8318 1819
12856 341
379 5229
15539 14497
2869 429
6409 780
13702 670
83 775
733 808
1132 542
7770 11415
884 403
356 792
2449 1821
4431 993
49 646
1446 1287
13590 300
630 1093
733 1673
2082 538
5724 331
1459 1220
630 1418
9163 2104
15108 115
866 2828
2061 79
2820 1186
6854 383
1048 12056
54 41
14994 14855
574 347
6871 300
9061 2121
583 508
1837 555
9715 332
470 1585
1324 542
1238 1234
384 332
11613 329
1509 592
1949 324
3286 4830
6732 1331
467 1779
374 497
54 257
575 51
5840 9675
6534 2922
3695 290
2153 281
504 801
1371 600
1116 2585
2644 1356
2871 4472
344 825
504 500
686 2605
306 3609
1323 2190
1036 329
419 19205
1911 257
2382 8484
468 704
7188 1617
7480 1542
8527 1632
551 1537
475 348
955 996
431 441
600 1119
3756 307
2580 1877
613 895
1989 79
551 466
6606 1685
356 4355
283 2482
3838 955
2639 454
1091 10592
390 2389
575 791
1069 782
4980 600
721 672
641 5091
711 394
675 336
19003 922
2490 2358
12523 412
454 380
382 1044
2419 2674
2900 1598
1524 354
339 1835
549 15843
1129 2377
3782 370
458 261
2463 2193
689 4713
283 1002
336 2105
1065 4783
551 421
20716 333
324 488
583 1041
9146 282
2604 664
864 916
1893 41
1777 2193
1441 2121
688 4510
535 3466
6624 3692
1012 705
535 13462
283 1064
24589 702
1467 5268
1578 350
575 558
668 2041
938 589
535 4020
2264 1075
397 2198
3553 3674
5448 330
12509 429
1188 437
923 686
608 7377
790 78
8099 971
394 761
515 10271
1046 2582
10035 9305
27265 500
630 1618
501 3140
264 521
2296 2320
27270 900
10042 1823
554 845
3066 326
1390 6827
1130 7496
2139 298
1725 4193
1712 13200
466 609
479 13375
403 1349
1809 1957
3731 359
1512 798
2075 681
913 6535
9290 677
1351 3484
1328 635
3440 277
611 44
306 2870
4677 405
3092 19244
890 1267
2414 524
7309 12078
310 7686
2846 832
1234 659
4213 359
613 434
1618 427
12190 2240
350 2883
316 4495
11286 359
10222 1221
1224 371
482 889
556 737
1835 722
646 1030
16122 2452
702 115
352 955
1304 1433
5818 498
1553 348
815 6356
410 433
1780 538
297 4382
1817 2788
2974 848
9817 4459
329 5658
597 952
307 3831
2754 1092
507 350
7754 6025
716 1170
1059 2596
728 515
507 523
1058 685
339 6521
472 1624
914 1105
465 374
939 9802
3157 3820
2349 427
554 666
600 1111
449 489
2808 1366
6738 1689
1274 2406
1344 441
1617 300
324 3806
441 564
781 13164
3215 1890
1664 839
1312 1061
1090 3722
630 1763
959 452
325 1868
4961 5854
1439 1098
367 2514
115 919
279 284
344 51
7073 282
1773 498
7189 12012
480 440
4671 798
2832 291
1044 268
22507 10985
576 453
2234 18987
350 2414
2265 1852
700 796
711 1143
533 256
977 257
961 399
3972 4554
608 2581
567 610
16848 326
702 406
2705 867
1541 279
11956 2931
353 379
6365 433
7998 538
2360 1183
10747 7330
534 689
1889 12897
727 1497
1129 1243
12226 8529
604 415
950 443
406 627
303 289
996 52
333 1720
4504 498
9717 765
4371 3425
4104 10289
320 1222
79 1564
1449 477
2547 13351
792 6690
452 1273
1541 15939
6021 503
2203 347
1107 1870
351 418
5471 704
869 390
385 688
778 941
14658 1152
343 1058
699 2873
281 4155
530 685
410 1756
1330 2030
2162 281
8550 751
548 3560
1231 434
336 339
1928 3304
4533 472
821 5353
557 1577
454 1311
543 2768
2735 995
367 1736
883 264
568 954
609 79
2910 111
4106 3196
746 1323
1525 279
1977 8005
356 1029
18830 2547
368 847
547 730
1991 303
16830 305
3162 13669
719 482
342 3492
412 594
431 83
2961 11231
611 4537
926 569
686 2572
11082 413
10558 365
1059 350
4177 791
492 1323
585 544
3404 773
732 701
321 596
3328 3196
337 3933
689 1053
390 1282
917 2689
3397 282
452 4010
2313 2119
732 40
1068 2585
534 1037
8503 3109
1436 2127
560 2002
945 290
557 2384
3683 336
13168 4326
1515 791
1131 5933
7980 264
10482 354
2059 1956
1445 316
267 51
376 1372
587 1161
4704 970
993 6106
5285 4459
108 809
49 1488
647 4209
828 297
336 1529
431 3566
1005 709
1815 863
596 3228
3041 344
2065 434
552 895
1528 257
338 437
3457 41
2161 756
2468 281
774 289
1650 353
5111 329
5378 259
494 533
8489 1631
2050 6692
9093 386
1320 1019
470 773
386 4091
775 3078
264 303
919 344
1775 2064
4409 341
1421 6030
400 1168
4190 537
2917 300
587 645
703 2851
783 313
50 3757
1529 2596
479 1092
5159 419
4723 983
761 16910
4771 282
1277 19330
1279 1157
1421 600
4088 622
1436 867
2759 5715
1670 5465
502 15909
4726 652
9553 16639
1772 924
806 2286
1355 475
755 6648
1561 362
403 11592
1677 1220
1701 911
1731 3414
516 14610
12415 13517
343 698
466 1664
3352 396
1573 2912
2639 419
2136 459
83 1168
3003 636
392 3870
4709 4076
8934 4953
4479 407
1611 430
258 2161
334 3213
2789 304
313 481
2034 897
22471 1836
465 2712
3704 269
2826 680
7810 529
5416 601
2888 1097
4402 399
10173 3617
4684 3078
2527 1073
1321 1148
2578 337
390 3214
24818 303
2157 2562
2868 1325
1108 385
716 1838
19356 1985
966 11642
7012 83
1133 1540
2132 2446
5871 421
5938 834
1865 7976
1529 396
1448 945
835 2174
501 2531
1479 3976
815 333
588 350
6090 2214
7179 611
454 264
376 1218
1074 784
665 8818
2225 610
466 1435
4226 530
1621 1689
1327 712
3085 378
689 1074
11016 354
735 269
304 9321
809 2272
11032 1082
987 79
7283 384
727 1061
1366 300
1666 4568
449 292
1785 639
564 1262
494 884
2532 3753
2235 713
5129 1289
382 17663
700 4837
680 3023
2075 306
836 989
6624 3234
305 1589
1342 989
9073 9793
1248 1920
1016 5615
1663 3442
1453 559
2763 1008
1839 2298
83 2985
3136 344
1232 326
10344 1011
4600 1020
350 2005
1245 2469
458 1918
859 676
577 751
904 388
270 17129
1635 1428
547 845
19318 756
1840 258
387 7786
1129 2863
1238 686
1979 529
1058 303
984 4676
385 11989
726 6532
441 1033
920 5054
422 264
1130 7746
6299 727
708 684
10141 383
1278 782
4417 453
10049 4329
401 78
6652 599
1970 11335
1060 111
510 910
6811 472
820 900
574 1688
343 367
4961 6176
12589 447
1783 548
4877 427
4276 1111
2214 281
1597 1230
431 3247
1422 935
1118 2242
10824 756
1508 5860
27731 3603
5301 1117
2109 15979
7984 2433
17624 111
8054 2168
508 3202
515 1953
2904 897
334 1219
390 689
1892 2717
598 687
1538 520
4020 50
466 378
596 297
2999 468
11239 12967
906 7025
16731 9756
2493 303
734 301
7203 1436
305 7701
473 1878
13659 2452
477 2005
1191 529
528 8298
1231 472
458 645
759 1502
2494 635
528 853
5621 4594
470 1998
330 4329
664 1134
400 936
1845 804
3496 848
930 616
4147 1929
1871 297
1604 490
348 1902
2138 921
9541 960
394 1109
334 587
3293 758
2966 2461
3736 3234
672 4394
2025 14899
2579 5945
1783 860
2361 304
1697 279
7434 2466
8856 538
382 4593
5545 326
415 4995
1046 1625
520 689
1937 12277
1006 359
316 440
14238 53
281 939
479 1390
9249 579
846 609
334 7267
484 1779
1250 347
4568 2240
649 498
997 840
283 376
884 1033
781 1040
390 1859
4951 472
2783 1947
430 9594
1291 10834
4802 393
705 1153
4570 786
651 859
1042 15096
1091 964
303 520
1172 6343
330 2335
2951 529
676 16887
7207 365
6197 452
1893 10902
4677 2017
6613 1665
761 1740
1476 946
638 2061
586 1184
2984 529
1139 410
1539 631
1175 592
2523 373
3916 704
1363 592
787 5957
279 415
264 1626
348 5513
9195 386
7320 443
950 361
1651 1504
502 2030
306 3704
360 763
8873 800
1835 1171
473 302
5861 2717
1255 415
2154 6865
83 754
3272 264
5089 609
4200 67
1796 395
3388 283
652 316
18027 2775
644 1253
2917 282
1012 269
1105 288
1722 926
1973 448
330 1509
3472 302
17918 698
522 4553
466 834
7328 307
4089 2242
2856 5657
388 1234
3340 9057
1380 2507
295 845
671 426
330 4916
283 5823
5862 361
7537 420
7265 22068
13578 671
510 736
2725 2257
5118 1918
1125 1067
350 2012
568 622
1460 4184
2780 385
6000 300
747 2318
630 3841
10706 283
628 302
663 1347
977 464
477 427
785 6066
324 2409
1291 1190
329 559
305 2331
1232 6038
2288 1005
7649 412
11790 904
5114 51
846 337
78 1853
1979 449
918 839
742 1594
4038 403
560 770
360 283
645 1396
4402 314
620 719
475 2414
1684 257
341 331
7998 780
8533 399
1479 2403
1613 767
4008 304
258 445
279 690
759 1418
711 448
1154 50
3403 1355
815 573
1384 790
303 1382
701 470
281 1215
661 4431
334 10956
700 9294
1495 50
1009 4531
2685 2484
591 350
728 434
1589 310
10959 257
2993 5049
764 1550
491 498
385 18229
1139 283
379 1029
339 6372
890 2790
281 3776
256 354
381 600
2065 415
1194 427
4977 867
440 796
305 716
486 394
538 681
458 378
1697 3291
10472 445
399 1413
25050 1392
7597 472
483 666
655 1184
7879 302
324 785
324 5195
1142 7201
376 1485
1546 2062
314 426
1539 394
659 1457
3703 5917
577 1169
1324 504
2673 425
1008 645
3398 1298
888 2320
79 415
638 2209
1146 78
430 1177
2128 832
2133 1629
3018 1927
489 50
7111 331
653 571
1620 537
283 1548
8370 796
569 846
3344 609
3273 667
19070 2851
15376 301
332 3182
15112 8436
83 1354
4457 3087
492 4601
2679 618
718 2726
1308 11363
304 9744
2793 542
1508 256
19432 448
1128 395
543 1815
283 3880
789 486
9556 974
479 324
295 1015
281 6675
403 583
1016 410
1549 405
4653 412
2146 2053
9060 542
316 2207
347 717
475 825
9826 1853
2840 50
1784 532
264 343
9828 472
566 2506
369 365
3644 4602
1099 681
2545 1639
1871 546
8230 518
2818 307
3821 279
552 697
1045 521
3501 257
5168 492
385 599
504 487
297 1272
356 2093
2266 15202
434 981
620 2443
433 9833
7493 79
2112 756
518 401
1925 971
3731 22825
873 279
1983 9309
436 631
4130 365
411 10522
685 6678
641 2954
1420 13151
110 592
2624 269
515 3764
452 337
463 1463
330 1861
431 19475
489 518
307 879
1216 530
591 4131
79 1846
9310 334
765 2937
292 1653
630 2008
283 981
1168 1190
683 675
2358 895
10177 5958
260 2370
756 1051
391 2506
1299 3436
1714 470
4820 651
2115 2959
500 488
615 2446
6149 370
1986 641
719 1399
671 1136
1305 681
16039 2114
2251 344
618 521
78 3708
1847 453
2724 515
6573 609
742 507
4457 796
385 905
1028 310
945 1153
4925 639
5178 993
458 576
1865 3298
1177 675
2231 4162
1419 1451
3128 561
2500 3762
1012 297
25179 2143
1765 83
2853 555
4053 500
2975 652
585 1477
659 410
751 383
4192 308
4130 380
396 4508
666 631
855 622
9854 1786
472 430
762 1049
2834 1107
12143 365
7677 427
465 12144
458 2883
761 279
4615 536
3688 980
724 2202
4014 839
4931 757
549 4334
3363 50
78 764
6940 5054
2289 332
1113 555
968 360
582 373
452 277
9084 762
5451 1792
455 444
11700 15242
264 348
1841 1258
50 10196
3267 433
917 3828
1772 920
460 2927
2282 294
1378 440
7523 7524
3420 2114
3769 8053
635 1014
984 1995
2333 269
18126 472
283 3005
1038 4372
452 360
1307 2370
5805 2715
999 2403
8442 260
480 2321
953 1198
2634 378
306 830
1750 385
18133 6696
844 441
4281 2068
3039 1395
3994 13831
782 297
587 2351
8644 970
725 1307
1650 1016
664 876
2804 3030
4208 467
959 570
440 520
79 1174
711 391
6479 387
28234 12162
40 1071
12688 2417
8650 384
1187 1734
343 269
2526 6071
5689 67
1122 1785
4090 1998
2783 1830
1547 308
3996 12700
599 2176
1004 2550
2545 1785
410 6275
367 2103
382 2143
594 787
21117 426
568 808
12169 383
4825 78
412 869
827 2318
1469 331
5126 3124
8073 4950
1105 334
3402 2853
302 401
3342 256
6484 283
1503 383
1034 11323
360 4520
4521 447
851 399
368 1354
552 634
337 697
5632 723
502 542
562 2511
801 1470
538 334
1725 3282
1806 6973
1269 304
1125 598
28285 22999
3528 5979
456 2555
8237 2242
432 1483
1090 425
593 978
4052 487
3437 348
631 2271
403 8228
1063 380
306 1538
2512 960
1207 22887
2520 23011
4777 1547
1267 2617
19610 2005
641 432
2164 1183
470 1821
2366 497
323 2678
11341 303
281 3693
8077 3821
2834 611
1952 472
411 858
1113 474
846 297
3484 498
12193 393
764 1176
6479 1462
393 3547
948 524
1939 870
267 1889
277 474
1105 14547
445 287
400 304
1761 1112
3668 21167
4509 380
1356 83
522 18191
494 701
729 337
1459 1195
343 1655
404 1704
298 2083
409 476
271 5136
403 386
983 298
511 4985
297 1393
1714 443
1784 1167
1800 300
306 2509
281 6259
978 304
2144 8464
481 571
1072 804
12732 282
545 2127
952 415
869 388
4218 5135
1389 380
1334 259
3499 787
2196 1095
751 2780
12211 4203
457 445
306 1061
297 307
1054 5824
508 6182
1615 635
628 2954
2112 1350
3232 868
661 1809
6606 1482
13240 1240
44 10947
3731 1263
511 2330
4111 386
3648 590
2115 983
8865 1184
1187 5826
2219 1359
467 12220
723 1063
18227 1237
534 1494
1199 3618
1295 9857
330 2033
4617 6186
444 427
1691 282
5902 413
1166 284
367 2396
12224 79
454 786
3502 739
4250 282
508 279
336 1813
759 2472
569 292
874 14585
348 1320
297 452
549 921
462 812
507 420
475 636
344 348
23087 2755
2108 848
2086 599
1988 544
1426 2214
1181 2325
434 16188
436 4241
7255 1593
4926 1383
788 515
444 705
16191 13269
2300 78
590 477
728 2684
3202 378
21239 17165
2644 478
385 1636
461 473
2442 1169
270 2542
6617 331
350 2925
12234 4555
7718 2873
9373 468
875 277
1768 12755
1079 1191
454 4824
943 270
4268 1820
2367 297
510 3841
10967 905
400 394
1068 1915
329 2921
501 1112
1518 2462
78 376
516 17180
1236 337
3391 416
333 1301
685 11392
283 1775
347 1810
6507 692
378 3154
11252 904
467 425
49 550
5051 337
12762 443
1764 294
2302 3459
4456 10627
2326 1000
715 5410
1561 1930
324 373
386 1014
329 1033
1684 268
1973 334
429 2761
3944 1252
400 2903
4180 14610
454 302
378 1373
1151 282
1725 7723
475 2270
1922 8902
326 403
359 7923
1455 302
456 9382
412 779
1288 25458
443 444
3677 283
6459 705
324 1614
845 5275
8038 320
3049 403
3363 1271
892 260
373 429
3235 282
4382 4385
452 343
7128 404
4752 487
15376 49
577 607
25473 8247
487 9363
4220 257
1433 998
14621 78
4604 3252
9660 5458
3717 269
1714 487
333 2193
348 775
1164 755
78 4994
1024 4094
8860 283
7491 300
83 459
766 3253
1940 3692
1041 4430
531 521
12149 2836
2203 396
702 340
557 1229
390 468
828 967
1860 947
337 620
360 815
572 515
1823 396
1044 78
795 544
2135 2380
682 350
9664 282
508 7372
754 2041
641 1433
268 2719
656 7136
532 996
286 18326
2365 1184
676 260
2039 921
264 683
1496 338
1937 268
293 2833
554 869
606 1675
518 1712
6400 2242
18340 2041
10655 697
3162 489
11809 384
40 790
1583 496
765 435
468 14645
2855 1838
801 1558
3479 303
483 1004
1461 83
7735 504
802 15409
403 16052
2108 616
3035 316
713 773
1924 434
1825 486
873 555
2726 9675
683 330
977 690
1402 680
1454 387
275 1188
643 83
713 16089
660 4183
4615 609
640 321
2150 773
1954 1017
473 5054
344 2098
699 23094
403 420
1859 1133
2681 1516
2133 427
618 298
550 1356
2983 115
979 1922
283 685
4051 2357
300 3321
677 728
759 1058
2561 555
1098 79
968 443
2686 1192
296 600
1788 2012
1692 347
2200 322
325 537
275 5086
83 584
14670 1798
845 893
458 9165
1572 1117
677 2672
337 362
975 398
3591 3518
2352 899
781 1641
3220 487
1294 4114
2599 302
7587 496
1826 379
454 1299
1756 1069
433 17276
1635 1626
5888 1347
643 257
1152 453
1014 283
16289 363
1424 5911
6480 1263
3917 282
3774 4219
1362 734
411 829
643 8137
5089 476
8047 4159
381 19804
381 696
326 5024
12829 329
1430 998
5304 452
6510 5712
390 11694
725 2483
770 329
4330 1389
5344 367
976 470
365 79
2275 378
1810 3976
986 3750
368 78
954 3134
1413 347
1453 1022
9426 384
775 3373
4512 14015
5251 2247
1046 1720
1663 651
6762 283
344 350
1343 780
1668 1052
471 2810
1268 264
594 936
21428 843
479 5345
869 1115
389 729
2456 1744
1430 1633
681 510
3653 8522
1036 2779
1358 8954
2831 455
3553 354
347 519
267 3236
5569 4820
5298 11447
1049 79
849 368
10967 798
889 1431
2086 426
356 3480
4550 1008
16326 592
1364 12258
836 3806
12846 712
6996 791
403 3150
258 1571
2342 14031
28732 1714
760 25686
6689 383
1834 6675
332 919
651 876
1663 1707
781 343
4398 11853
801 1052
1270 505
629 9128
1814 530
475 1487
1134 594
387 721
1046 1036
1615 808
8527 825
1308 4275
4003 356
1178 4699
325 4470
6896 405
3400 284
1476 8966
324 730
14729 1224
4465 10008
6986 110
1925 1579
9175 282
2070 258
517 1268
2653 5189
2739 2583
535 405
444 725
1178 4121
307 383
6184 302
883 1319
1004 1492
649 2168
7157 4068
330 3471
401 426
9193 916
25729 756
4470 329
3783 17343
1685 378
597 2147
3591 288
78 15487
1335 594
9717 577
5569 441
754 7606
386 1159
9195 399
4270 50
3219 538
4351 2849
657 5189
344 955
10201 277
892 1676
2016 257
917 1036
3826 356
1643 973
2070 363
339 6536
7919 384
1741 111
458 259
729 1420
1615 1388
1016 4387
277 1076
350 717
390 2821
700 980
689 789
2365 12353
9453 303
472 2416
1583 2032
574 794
1299 1662
1331 2040
14759 7330
2074 1666
6523 453
685 777
892 1691
4592 1861
386 559
1939 1135
679 283
270 10316
18500 41
674 1474
2322 606
25781 1786
3046 859
624 2538
12865 367
4604 5340
11324 1237
579 845
566 480
2033 712
4542 379
397 3950
874 40
3505 21528
4270 281
425 697
2977 1236
325 7745
1285 1253
1015 544
781 6249
336 2013
3937 1230
25803 14073
551 1114
472 439
5590 18520
746 10997
907 1776
2381 2040
1915 498
9687 403
641 350
16383 403
6854 303
433 330
325 2558
2293 78
1358 17374
574 3493
1622 2198
4049 707
3103 326
16384 5514
11700 2060
405 2391
964 2498
23438 13167
1514 294
2744 1445
1190 964
1424 5755
666 461
3058 555
5822 309
1441 945
12370 378
479 7618
422 18532
378 1100
2395 262
1616 544
1315 329
2150 262
3264 348
6490 839
3147 10031
1222 448
1006 8056
4075 692
626 79
601 2883
404 886
12877 21327
816 697
1089 422
1366 281
4327 297
2656 867
18545 2470
1255 515
6392 2286
78 926
6033 617
19972 7963
2329 629
300 2316
573 279
3430 19973
13819 1355
747 7348
16400 269
994 288
499 4237
5463 477
1358 9445
1961 316
1374 520
3643 12783
815 314
4124 367
492 11489
2530 887
3396 486
489 862
3170 870
928 1097
467 6897
516 9729
1565 463
298 5758
1334 874
719 1302
385 1221
2651 3784
279 564
4677 1386
652 3605
460 4200
936 925
1122 1683
978 6139
319 1705
336 961
543 3168
682 5935
4031 67
5196 4061
23498 4161
411 1184
2573 887
325 1390
6172 507
6450 111
734 52
2311 4455
1437 394
83 6982
13968 7006
645 720
693 1145
9596 4234
839 587
858 329
726 2594
1101 115
1158 78
586 1243
1881 4061
4215 8436
1094 3072
3850 1063
1689 2774
2033 530
516 8958
4733 618
1590 279
324 988
316 9215
807 11088
551 681
1394 1165
4185 348
5793 503
535 14813
597 1431
10173 6306
686 6786
400 374
298 262
1453 1283
6761 626
5847 892
17173 11905
1129 1337
405 11906
5428 897
361 15475
9300 302
1198 361
4396 284
812 1166
1460 432
3732 8143
5592 437
410 1851
1559 386
260 2859
461 6223
1094 1076
449 1656
504 348
430 2371
5840 386
3139 410
864 2068
6685 1078
2176 331
554 1673
532 412
6844 309
18608 2706
2036 12913
706 1939
78 1858
379 1701
360 305
16412 3489
29044 509
4367 288
675 259
1252 294
7285 386
2288 498
307 3692
5010 609
306 1198
10043 388
401 591
3358 331
552 326
11087 1236
7332 702
419 401
721 350
1958 1596
306 8889
663 1261
14759 5917
6392 5863
1992 257
260 767
1277 794
1725 510
6767 2919
797 396
5359 441
1986 334
4727 378
10378 1274
492 344
25958 11716
1559 837
519 303
2650 536
14717 639
332 602
462 290
484 3806
760 9109
3550 4000
373 3174
568 2284
4057 639
672 1402
456 786
14146 1985
79 11924
541 15582
618 386
929 5241
1681 294
3165 410
15584 4073
40 83
473 431
597 7459
3169 454
1638 79
373 457
275 1240
1161 775
1155 7008
520 400
23585 433
344 1393
6781 1494
9592 2205
550 1359
2638 303
1012 2221
5198 486
427 10387
1722 1410
9753 1631
5159 2362
676 1474
1768 804
4499 14855
463 3107
271 3694
436 14858
1041 8474
270 1475
952 6359
574 1936
415 368
258 396
1934 2380
649 1497
1139 2100
1194 79
5394 1584
1646 297
260 1383
1129 2076
1459 2471
4532 309
1177 440
515 344
674 1477
79 1537
1933 1103
1115 925
733 4007
803 287
2303 536
678 115
504 629
2775 4178
1251 5410
412 743
1274 2202
1129 453
2537 395
1199 2257
78 670
2832 337
498 903
760 3405
468 3956
1187 921
899 9491
494 378
83 529
326 7901
2280 813
1185 718
448 283
990 813
1524 916
399 473
1105 5208
3585 386
5579 635
390 5178
561 1167
2589 395
70 1171
13504 2094
1566 79
384 1609
1038 2330
859 649
52 332
2367 279
387 9012
831 7861
6659 1665
4186 2076
418 4527
1824 4651
754 491
21015 2354
488 1637
1142 3656
1045 459
642 622
354 848
5489 477
919 396
2748 11129
415 1177
1394 882
9067 1000
2575 3434
998 5336
2820 443
2341 337
7931 818
3545 3529
4677 1676
16193 568
428 1597
5598 303
307 359
344 757
11885 20131
291 111
5210 1368
1739 3781
2632 3349
401 2414
827 1144
2089 594
4419 332
17076 488
83 1114
360 21761
2519 79
11956 2753
344 772
1088 2019
2446 7805
576 627
399 5479
1580 380
4593 993
765 882
1543 16029
1636 1401
1502 494
726 2021
532 3090
5677 573
15646 453
2070 264
4159 773
302 2688
2553 347
2993 7166
475 744
467 2902
316 1733
1321 284
2010 453
303 1624
6265 705
2458 751
882 923
9018 3362
4568 20156
743 954
1295 2998
5255 524
2058 350
7406 6912
846 1252
1288 1861
919 487
296 3232
3653 1015
3635 1842
390 2036
297 2057
871 1141
662 3599
506 1087
1238 476
329 7694
939 4803
306 3070
1938 878
901 1988
489 794
4322 61
666 279
1326 329
1202 3070
792 1889
2051 6632
419 11937
364 1526
1442 440
2409 924
1182 16533
541 261
333 378
449 348
560 913
2869 545
908 1922
468 337
785 1637
1616 1258
2272 302
2545 2247
2080 382
2657 813
2019 2305
502 1494
643 2749
9642 387
10170 384
999 1552
1293 2042
4300 4941
11544 1786
10597 23768
608 2703
15679 1957
1539 294
5172 282
2949 83
1726 13771
2115 573
1720 763
2597 330
4128 420
8524 331
541 794
1422 423
4610 545
1211 3761
1845 470
734 947
387 1269
1018 347
2436 1087
762 4705
3295 380
9468 365
388 1669
2172 5060
6480 980
469 427
725 1304
258 47
332 359
1876 973
2554 2764
1162 302
3584 337
642 753
4823 78
316 1451
295 765
2166 1170
1749 2689
9135 800
339 803
1661 2032
3358 739
608 1225
812 1065
458 625
7852 19767
2324 2962
779 434
1940 441
78 4123
5026 302
953 985
13485 359
1417 782
411 2994
449 681
598 1440
324 50
2847 2978
7106 737
994 1976
10091 758
16517 41
420 376
543 974
4915 1809
815 2253
925 303
493 750
855 954
535 1092
4111 399
4820 1120
1867 7576
936 5704
604 5272
921 41
3319 14845
1710 1640
1567 697
577 829
1299 1258
1697 3197
384 1081
1384 347
17327 300
681 553
4004 618
570 1752
15702 17618
1735 2687
983 301
847 823
1813 599
348 4614
785 1535
5004 1257
2251 337
2740 1195
1572 610
2978 466
277 1547
23838 708
3786 331
14936 13557
14937 904
306 1305
4148 470
2708 344
4778 426
10292 2452
1108 387
1781 536
5352 590
3701 3468
21251 6570
851 786
695 292
1968 326
2940 691
987 5139
258 7352
723 441
1485 14488
732 2182
49 662
507 347
631 798
2404 2268
1750 414
29457 3025
9897 18822
26321 467
1810 1319
1962 467
13209 283
2871 587
1332 3563
1967 1145
6589 1503
29467 1387
1196 776
2605 437
466 444
12128 796
436 2784
2680 425
1081 78
2180 1257
1358 2308
474 115
11786 7330
8781 1947
5608 67
7754 13492
1980 630
4341 476
6614 297
1615 1536
2148 610
1496 902
391 8115
449 1047
2514 639
677 945
3097 452
2856 2484
3143 3683
1189 26348
1115 78
803 2353
591 8131
511 1280
519 78
2579 2033
403 2465
350 1051
538 400
6149 536
1239 9379
297 1163
40 913
1938 438
3530 828
2561 1257
700 365
300 901
961 339
1903 14959
5582 366
1018 5220
17650 573
1182 744
835 1534
21911 6201
2349 262
26365 10790
602 1477
378 309
83 615
934 2403
304 1974
6830 825
483 2443
467 340
347 1525
981 892
8034 524
2012 1253
2485 383
910 845
2542 331
1078 386
781 1670
12109 2587
8675 492
350 4296
10021 1210
810 268
13558 4237
975 418
1634 437
2958 79
709 6739
376 1002
4290 9761
494 6323
1739 8742
3638 295
1233 1587
12369 5217
1966 1287
802 359
298 2075
3080 4082
475 400
4858 110
391 9031
3986 3720
1720 78
367 6110
604 1347
1225 698
732 689
5102 435
475 423
1154 7698
1068 3404
3502 3362
264 438
2789 1594
3819 1985
19698 321
2138 5517
29581 4474
376 1936
500 882
1139 1823
572 279
1891 555
279 617
1148 6241
454 499
3571 995
1880 396
329 616
390 2630
334 7583
1345 301
501 303
1356 475
2684 489
1560 2233
2387 2760
350 587
6156 354
2039 313
257 396
5185 45
392 3109
766 295
2657 321
395 1408
40 2168
10676 4651
1083 2888
792 6914
511 675
269 3767
822 1969
1911 347
390 1413
13969 7828
6848 358
676 23843
489 1272
3340 5231
3797 1428
466 880
3775 1597
306 721
1077 1612
441 1851
4033 373
661 5077
110 683
2090 7648
392 737
507 637
297 1136
78 2909
615 2936
1486 1173
1635 882
2884 1149
1143 276
477 589
394 813
3579 487
283 13519
3011 2583
394 3832
267 7192
3401 78
391 3546
2067 546
3956 1715
1718 742
7455 1738
421 637
449 388
14276 3106
307 7688
1592 6873
403 1043
625 352
435 4100
615 432
693 1902
6131 268
4294 2377
404 1984
850 9869
5373 540
3097 468
1326 555
5685 283
3465 667
502 1542
1230 477
1651 441
2569 969
301 1751
2809 573
4192 284
480 1080
10161 1506
287 1885
663 558
3402 387
501 1097
26513 453
591 347
839 2295
1724 4754
2196 283
15767 743
306 3963
387 1043
1582 5517
815 12517
1651 474
569 303
7317 1234
15676 17703
976 334
7373 773
1161 489
297 1675
554 1155
587 1236
2048 337
757 16050
1723 820
471 881
9157 386
2665 301
26533 879
52 679
438 380
655 1447
10887 257
1239 3126
307 4627
258 1987
2650 1066
378 2389
388 9729
746 3874
649 438
79 4720
943 5497
12515 1849
670 507
8221 340
334 4467
336 415
1648 1448
3293 2378
3285 297
1075 700
4217 520
2399 656
5941 332
1057 7193
379 14290
9848 384
22049 269
2759 2496
1527 337
742 711
17224 428
1591 336
1070 758
299 5009
295 1020
336 3017
1202 1506
2999 260
1843 288
5130 388
309 2142
746 5695
1940 507
281 7790
757 9969
806 2987
316 6012
421 435
666 1109
267 3846
410 6118
483 1282
15787 26581
1122 2355
2500 4525
9476 505
2990 332
437 706
6726 1423
772 2577
16664 920
534 1531
681 9767
52 307
953 297
2543 813
484 24072
6668 386
594 686
1611 394
1685 357
2283 6752
1090 332
1306 5713
7588 358
494 4857
6531 407
912 1469
458 889
9218 3364
479 264
5194 420
2165 1017
325 3807
812 79
8393 3478
750 1230
334 12834
8762 1240
4102 5958
50 270
628 410
7948 1786
860 449
437 1177
12301 1786
889 1560
3572 920
725 470
1819 2590
350 2255
415 681
518 18960
4160 3999
1643 770
10756 281
9693 4203
11592 12861
962 418
827 25420
4363 2291
1320 279
2332 998
520 466
2571 486
3372 1183
835 1437
374 763
1432 344
1194 288
1197 622
110 437
2869 531
24124 472
615 889
270 1738
1304 688
1625 283
26638 429
3294 6764
1075 297
7730 531
515 557
8462 800
4827 356
819 6158
10150 1162
921 922
731 337
415 1233
991 798
16692 365
3026 1851
775 686
703 800
5623 1274
1606 2176
294 2177
518 1072
868 1331
6794 607
29869 22109
1840 578
2272 1253
2264 394
428 1407
821 3798
390 7918
2330 337
777 541
5151 303
2744 1227
2238 1690
385 9626
587 334
10430 24149
305 457
1443 3225
257 353
4148 1354
3479 257
3977 279
1573 1659
765 437
723 3237
3430 16704
770 7979
395 404
573 440
79 480
387 348
3312 584
8605 270
8688 307
792 628
2497 2228
4604 4781
2879 403
360 6380
1256 350
5037 477
653 1081
391 1643
843 6094
295 953
6508 2263
1064 440
24171 332
802 944
2695 472
3574 477
9532 115
3287 600
385 8864
508 4245
7714 297
5153 5992
4055 40
295 2104
1470 341
890 2012
2754 395
2201 1602
6444 343
1995 3978
2411 771
3152 763
1190 1040
813 4196
5025 878
568 2068
17773 1700
487 2369
381 23345
8589 800
1448 773
587 1087
928 1066
279 1061
325 9317
2554 1366
1693 2318
494 1233
379 947
489 973
333 1962
353 1935
1103 78
1811 401
477 1899
3664 284
1025 1492
842 1442
2322 963
260 2488
731 555
268 622
5440 51
277 1325
323 795
2173 2320
4599 2078
428 367
1419 2674
1566 689
404 2083
702 67
307 5665
281 15830
641 9225
431 933
1202 257
6072 291
855 295
5304 473
581 607
12551 334
348 981
489 470
304 1004
1513 5044
1109 298
115 2040
470 1343
5894 283
330 2448
2719 276
4576 329
7478 599
422 1283
1180 7147
1290 523
1949 627
316 2456
439 4035
403 437
385 8316
706 1272
727 498
6900 428
3186 465
962 4167
642 817
7319 1874
5406 15836
5131 441
329 378
946 415
873 445
2023 309
4979 591
6560 283
936 599
400 1203
297 701
710 3755
1538 474
2872 1066
442 973
7115 2865
533 453
488 751
1813 344
470 9881
306 3835
1507 8350
1308 1721
393 659
2224 307
13066 41
367 410
986 3325
1348 24246
24247 13835
83 793
3001 4385
1154 960
950 2788
334 2557
681 984
836 268
1476 440
301 4469
5987 283
552 459
7891 300
2285 849
26818 1499
30056 4808
115 666
3966 380
40 350
1826 449
4043 303
2210 966
7189 12555
3228 823
276 2678
1799 16741
984 912
6705 1664
260 83
22214 5946
843 4179
2554 330
2063 795
704 292
521 1365
8664 3953
1810 6252
396 798
3049 83
910 508
781 2028
13328 738
638 2068
323 11010
763 422
475 2784
841 367
421 3136
430 1354
8463 545
8308 453
1187 1874
515 846
568 592
901 1684
439 914
339 1508
1667 1260
899 16753
7641 41
716 5961
1344 12454
2363 332
15661 2094
1021 3951
1232 2334
5444 281
1288 7993
2201 4272
1858 440
656 5002
1745 4481
2058 2384
428 923
6376 385
430 3349
826 314
1915 444
5226 435
791 1347
604 1929
330 1710
5133 611
994 487
596 4573
1261 6489
3515 555
1375 359
430 414
873 799
986 260
1054 5220
533 4537
6194 1401
268 1534
5343 320
1207 4528
30138 977
6586 16724
1152 584
3954 410
586 875
9427 50
14125 21468
12559 478
1288 1275
790 394
6941 1007
575 2053
1421 1532
943 858
816 1942
3800 3535
257 555
1053 2706
447 970
689 4166
9213 1836
1565 510
1147 301
2547 996
4074 14984
785 3795
733 3755
3475 49
781 13159
616 3880
663 5313
1669 370
362 2764
14357 552
435 7498
350 967
2848 861
608 5508
821 24322
30177 412
1453 629
1274 448
441 659
17699 468
306 1072
587 2638
7320 360
3135 410
1146 520
1971 786
1025 378
7249 1017
3637 486
1203 24331
7922 776
489 781
348 1227
422 2244
269 433
376 2369
1722 2468
4528 332
7126 705
1688 4288
356 1727
1993 698
295 5976
1494 13669
1346 8749
2216 78
430 1886
4070 745
403 4087
374 1922
910 990
2326 410
1344 823
614 520
329 523
638 2538
893 337
262 279
2425 410
858 78
5511 1423
347 709
279 329
40 985
403 6002
977 281
751 19119
288 7776
467 640
9230 331
8225 10125
277 275
390 4593
5559 331
843 1639
515 1653
1311 877
5936 712
79 544
12052 283
781 2461
1047 347
2386 1997
516 847
475 1457
11724 1033
298 284
3035 354
550 7135
14116 878
304 1072
24369 24370
467 6982
3890 337
472 486
1041 350
5893 989
1397 991
353 1304
905 379
8541 3322
5510 760
5104 2213
111 1935
325 588
492 15800
3669 10418
1308 684
4231 347
1144 3405
815 8517
2649 441
316 483
431 257
1346 881
10917 727
471 1319
1180 834
2738 696
3934 115
4724 905
4581 3538
538 1201
596 387
880 279
873 350
308 347
1608 7172
13088 19142
336 459
406 857
2175 1236
288 50
628 336
2128 609
313 287
7056 300
400 3034
1738 331
5745 2252
6848 9918
1324 350
1636 1335
675 6868
13862 361
656 498
6497 2104
300 2803
1374 441
15733 1551
5996 742
5366 300
2040 306
3356 268
393 388
2099 546
4037 2263
259 359
279 1030
12464 336
5051 78
344 5769
6613 755
30325 13753
30326 1436
13395 51
1850 947
889 554
1176 288
682 22318
305 892
441 10041
1245 437
10787 365
295 333
411 1510
6449 332
1025 1097
2350 3816
1133 344
2341 580
11470 378
432 653
775 6811
3859 257
1958 837
7107 16802
574 13416
344 10103
1517 4878
1136 429
1958 316
701 448
532 27036
1019 281
593 965
706 12897
1106 258
307 592
962 21659
257 1856
6823 383
11915 2417
713 410
2110 287
294 440
1757 670
905 698
384 2877
1362 270
30372 366
485 5252
9803 1305
715 2209
1308 10116
5163 11221
575 4759
3007 1153
264 11785
846 555
2201 1557
2918 580
733 621
492 7362
8897 1218
19168 1065
743 622
410 4010
782 316
49 281
1478 301
2646 1428
1239 1236
6891 2242
981 347
1125 10984
885 722
735 83
434 1236
847 283
401 536
1129 1140
2226 946
713 6092
11882 6528
1216 380
2489 2498
1438 4242
354 763
1181 432
2221 259
436 1859
7782 281
4838 1648
390 7472
1047 283
3122 818
5305 667
1207 427
516 11634
1021 2774
487 544
1741 5030
14376 1698
9534 1516
517 310
258 73
1059 516
326 770
1683 1449
4143 50
4746 329
434 430
1038 675
994 403
3122 282
491 83
4026 297
664 854
906 6335
1678 2114
298 478
961 2443
1723 4423
17881 313
1180 675
926 449
343 1485
502 5758
682 6215
835 1552
754 4553
2748 2030
1435 1674
555 448
6593 379
282 726
3577 2860
9259 1210
660 2379
407 530
260 864
4269 536
16806 20667
27128 50
853 17886
1505 481
436 19726
108 11479
429 410
5840 399
633 3118
890 4445
78 804
7188 1055
12456 910
1441 1228
1511 412
475 1686
806 367
751 1273
13031 8268
303 325
496 1802
295 1048
834 329
1148 5596
19449 3655
628 691
2278 1349
11017 386
662 9312
1519 626
688 1250
1108 1756
4330 51
2972 444
476 1512
724 283
269 537
1479 1081
6407 13700
9349 610
359 10969
1679 427
452 617
473 9833
500 5877
929 329
4956 2002
794 763
4434 486
2946 282
1248 546
379 1736
350 1801
365 6297
940 1008
267 49
611 1662
1798 427
816 8303
516 3119
478 432
3593 454
3843 347
1122 1101
411 15999
2605 449
1400 367
27182 1048
49 1442
8366 4628
816 3497
330 3284
460 355
1677 1195
283 1879
494 373
466 884
2731 407
24544 5335
816 1921
6937 27191
1747 552
521 1711
4027 2055
1107 429
492 20571
78 4406
292 387
374 8948
6033 1485
3730 1536
1207 1485
951 6862
2121 3060
545 2874
6318 115
343 566
564 1380
258 1768
1150 7264
7384 1494
1166 341
10218 424
2404 541
685 749
83 1303
509 2426
4903 2690
418 1943
4038 1746
1424 971
1707 594
828 279
350 597
3941 1800
392 5765
874 431
522 3051
555 1675
2443 1410
1032 516
4581 834
557 1290
515 2045
1794 344
9778 429
5035 283
599 5618
919 3316
290 819
1343 452
4156 688
2553 350
2054 881
708 3253
988 881
10517 3063
1934 403
2360 431
330 3094
1131 6911
8205 773
1709 618
302 972
6897 2381
1493 78
11462 849
1078 279
3011 2677
625 2905
1554 283
8559 529
8540 441
1125 18488
5339 3195
1033 10075
919 599
923 775
4667 326
3661 282
436 675
2785 257
1371 1144
15832 326
1087 1197
283 1812
3320 344
3824 4237
3324 568
1170 947
342 588
660 590
524 1492
8835 330
459 615
432 359
390 11695
2983 380
9892 7228
421 4571
772 5920
473 1229
2259 8602
990 1043
5265 27271
325 1384
20735 45
298 1763
15008 412
1187 1092
329 2399
611 965
79 862
1280 10850
3374 1344
9547 798
5202 896
431 1120
110 947
1495 2011
15071 258
899 6640
369 2697
2829 288
3712 428
1402 1011
2990 1906
9535 282
400 9788
1224 1477
923 3297
78 3627
2058 528
6330 380
4024 1688
2086 1147
449 1680
16865 993
1485 833
391 1289
487 391
689 5564
6419 435
459 718
465 1254
683 1127
1834 2041
1198 1716
818 1411
79 386
20235 17936
603 302
11336 922
2137 79
2782 321
115 428
339 6182
20635 10698
645 405
1083 2661
1575 359
467 353
382 1185
411 679
390 18050
893 498
662 27326
8198 403
13106 751
582 2849
718 7263
574 1832
1515 2145
510 1972
607 339
423 79
1443 1157
292 6438
378 10041
473 344
379 4283
2235 79
1233 441
410 334
8658 282
458 617
999 1081
1615 4262
329 555
997 941
629 583
7826 420
1770 1193
7163 4219
2563 297
641 2084
271 726
661 4043
1134 5097
1908 477
9242 1814
930 1236
780 1898
2720 1215
458 959
458 4068
275 1031
1266 681
459 1177
17154 784
1132 385
1779 429
4043 993
433 15542
7935 6757
641 12192
502 6947
330 3213
932 472
492 19268
972 388
1342 395
631 1732
7153 17743
2067 794
664 1570
8049 468
2545 2236
1248 4138
3388 282
736 683
3848 813
393 78
1940 794
5870 303
3477 405
1192 704
4684 5082
3008 1612
83 706
516 13701
1341 378
1430 808
901 2593
369 1230
1002 279
268 1048
489 304
684 3466
316 14542
1138 8742
5214 989
4213 989
14380 519
27391 295
663 1117
9525 1579
394 314
504 557
3782 626
368 14432
411 1609
999 1684
3817 394
1548 2249
4954 283
662 5171
5510 12763
907 1470
864 366
1044 279
6289 577
334 1641
757 16884
1045 818
1681 4358
1038 1726
7309 10126
891 332
290 351
1358 1409
374 6438
3730 115
4761 1401
49 495
11083 629
1666 765
3048 755
2157 1236
4260 1448
5814 1066
1185 1663
397 1576
1886 284
10402 365
1827 50
2807 83
781 11131
1778 998
9716 363
4364 3350
6651 386
482 884
1439 3551
1804 51
1565 15143
9641 1820
1993 780
661 2379
343 1072
634 626
9050 1377
2160 111
764 508
2530 264
6076 634
22528 290
1397 648
917 1989
13108 297
732 2546
3359 554
1715 303
4269 872
1644 9024
2995 737
12597 288
1808 441
854 394
3136 329
443 2841
4786 467
2913 8729
4981 2087
984 1861
1015 804
306 1716
7448 488
465 2805
27463 1836
3799 379
6867 419
848 459
7228 687
655 6397
6045 2524
2606 705
17903 3859
390 387
3852 6638
733 2502
1113 1578
4102 324
468 588
586 1483
1557 427
2815 496
659 279
3886 4297
2039 5472
550 816
25509 22547
681 2804
427 279
4102 8511
18941 472
810 394
13335 17124
865 4420
314 1193
718 410
4088 1082
2277 477
1281 580
466 626
452 12314
1119 1625
297 744
350 1198
981 1902
914 1198
4977 738
686 448
2882 348
410 8756
1345 818
1063 530
24716 2066
472 877
538 884
501 5738
429 933
1649 878
3643 27499
586 592
2426 257
8199 468
295 818
1318 629
730 616
347 2117
1320 1040
465 555
340 811
1499 680
331 316
754 3360
543 2538
1035 3911
930 9790
2204 1133
452 1378
22580 277
8820 338
743 970
430 2234
1476 523
2931 16902
3142 386
329 341
3559 303
2646 428
17393 1530
17367 22548
6130 8749
348 2609
3713 6659
1182 5676
575 3529
3576 1782
615 4909
415 1163
4746 507
456 324
5413 542
2523 366
7129 2412
7724 3914
1154 2502
258 616
4962 529
306 496
642 1056
1059 899
396 735
433 617
890 4142
1730 20223
666 260
8841 1377
5337 260
4999 1337
403 308
430 675
963 520
7153 4412
1114 78
394 828
4227 1785
11449 1995
268 1247
465 1080
347 1019
334 2543
2692 697
809 744
1197 399
1843 477
548 1092
31014 769
846 257
415 1876
631 1349
307 83
271 494
3864 389
2631 1185
2163 489
1470 1902
1196 581
297 3494
449 330
298 3601
323 3855
343 3366
518 9729
2158 552
313 340
2478 344
19910 1648
24783 4301
286 14283
683 1074
525 17293
3604 1632
1823 1364
1114 350
653 634
1434 83
538 489
4286 832
760 6983
5103 19336
574 1314
8986 9538
1200 279
13034 17113
2528 259
269 387
24790 1687
7164 27572
1681 15878
7826 326
919 361
6476 15964
1624 434
8507 1820
790 1325
3287 4162
764 521
872 292
294 2550
329 2688
8020 281
483 1119
2579 1197
1049 592
1057 27577
500 675
2415 1359
1526 504
875 4204
8612 367
1041 1802
1892 336
754 3201
514 477
437 108
2436 394
661 2546
362 465
12634 381
1665 429
13604 5187
615 10327
300 11157
1934 591
4149 283
347 794
334 2703
12865 1418
330 10613
821 7712
1604 348
1488 9109
2050 3565
1524 839
1595 880
330 4489
467 584
803 2372
2821 486
269 4642
400 386
734 6056
2442 373
2728 579
20449 1143
4704 530
1419 15900
52 383
1627 427
4248 773
487 3629
1276 356
2143 283
650 2299
2319 452
2980 935
1346 1633
283 1702
1330 589
20864 4203
479 7961
4085 61
10726 858
1042 839
8038 328
3514 2357
1207 1343
1397 2987
1090 934
3297 330
289 420
3112 360
381 344
894 453
374 1487
40 1275
930 444
496 1159
2961 12599
1636 412
2828 544
27632 307
31150 507
2828 609
515 2561
1096 387
914 1085
1098 1602
1232 606
1583 2207
683 11243
2331 1506
1375 15206
16319 390
325 6532
926 3032
5087 2700
277 324
548 627
1656 2694
3310 2788
473 17125
9172 538
1010 622
4033 6229
392 24202
4436 646
11482 440
631 985
587 1002
4157 641
719 761
4820 1257
7548 1766
608 1787
301 5842
2148 12505
6996 1785
2724 472
761 347
5512 282
78 343
323 4347
306 279
3963 756
11850 50
968 20101
708 3612
874 83
759 1210
2259 994
3810 17805
1490 3196
586 2284
1168 9922
676 626
557 5771
2235 78
283 4870
1402 407
1908 288
430 5077
1164 3466
596 701
9420 2088
788 574
421 1463
1111 288
628 773
399 462
415 289
3667 6960
270 721
1867 504
1292 5574
3045 356
300 725
7984 2453
2365 15587
757 996
2180 283
1762 337
6198 337
1295 3081
10309 2878
419 745
73 928
567 3421
8615 639
12538 329
775 3262
463 3472
6087 859
4045 22681
302 3579
2499 1062
1911 848
1796 17648
349 666
27721 2705
611 1301
1115 771
15978 3772
3161 4046
511 347
1774 2236
584 1312
589 486
7654 468
367 288
442 3087
31259 279
751 16884
11362 1786
83 1167
2551 281
1144 2801
846 536
10107 397
1527 410
12097 5531
1424 3583
298 2077
306 5420
1191 1836
20148 1786
16485 712
1363 712
681 967
1303 78
458 1732
1165 887
313 505
2189 3686
458 555
896 372
431 5754
3699 832
325 1918
930 328
3037 472
482 1628
564 1444
516 19291
1853 300
10054 331
549 820
4673 560
24898 7711
530 936
7020 83
4562 4950
699 1002
5421 380
1207 262
15127 67
1048 24909
271 10947
473 523
2577 24912
473 478
4853 20813
22699 399
3413 578
1563 470
2881 405
1641 2706
827 505
2023 551
554 730
4786 1368
374 551
511 1920
4120 3392
477 444
17549 2432
3700 350
1862 257
2530 531
3977 3953
4260 4594
780 350
382 61
350 343
1138 7008
1121 468
554 990
44 498
1408 13059
459 1765
9488 290
1245 14430
5365 337
2443 651
300 462
422 9599
2591 5657
667 2963
727 348
2579 2767
11056 496
1519 1468
15070 1065
730 4567
528 24930
359 5507
2149 347
390 15036
1450 4740
1559 304
2339 676
1754 401
4915 2500
367 2091
645 1550
576 2640
509 1067
749 10394
646 1698
390 643
319 4271
2662 294
3754 279
1357 7113
1113 956
491 1440
4664 2044
432 1234
2382 111
313 5687
5705 3408
287 407
11523 882
1806 3691
12581 3158
2419 7347
1224 722
270 2027
3609 4234
2608 298
279 2188
2949 337
10812 1482
1347 797
3647 379
489 16753
1398 524
553 415
1133 498
5833 5742
314 1221
9000 13557
3754 848
1291 4724
1290 1349
17747 329
5669 421
880 839
4819 1537
3194 14431
1920 17158
386 439
484 5442
3273 1744
7029 10059
1546 881
290 1108
1178 1446
630 1210
1480 3498
6112 2088
3113 443
864 530
2991 79
712 465
1339 353
3979 301
3047 530
15271 1532
3139 771
468 336
4014 282
8203 300
1049 970
6128 2417
691 1210
757 1273
915 378
1588 2169
6185 1316
1400 326
491 2901
364 477
882 1766
456 5799
597 2085
325 2524
8489 898
400 497
2458 546
3830 303
725 723
22731 1366
421 3721
1509 380
7317 1223
1145 259
83 387
344 497
590 10767
4293 2583
6617 1536
662 22083
2545 2908
4010 523
1578 268
1390 527
1767 3365
6529 67
866 3354
362 4474
5439 1899
334 4058
1701 262
2794 307
2130 4394
845 2238
2887 78
3477 381
332 508
574 1372
303 681
955 3244
3211 19209
708 453
711 12912
8579 1886
1149 10525
3187 427
615 497
283 918
628 1918
949 281
905 529
24388 9336
3801 983
6045 933
1364 341
10257 671
2317 50
3131 331
436 7313
383 639
1077 287
2400 1849
2744 520
1596 3030
500 454
1204 4749
1357 4481
264 1633
9816 2426
751 259
805 3076
550 8298
1534 79
8489 1137
1155 672
912 405
2280 2118
775 2405
1424 5992
1063 115
7869 607
31522 467
538 689
632 316
1009 3462
1701 1710
385 2151
277 2320
388 1032
5004 3999
4523 1078
412 1638
2413 1487
1923 7310
4442 504
1299 1461
1773 336
484 921
3575 480
981 1197
412 619
9296 6002
948 260
301 504
70 626
1765 587
430 9031
13648 960
1178 475
3181 2152
10447 920
14697 306
5457 561
496 2709
1582 11575
1281 617
701 388
363 1522
433 12751
434 394
2534 318
5727 1771
4408 2661
283 5080
279 898
651 591
1385 303
1378 8911
8348 551
519 428
509 8918
990 259
1616 832
339 4416
1739 724
996 10911
15299 358
2660 383
49 25027
31580 6922
2753 16902
812 2302
4017 334
917 2582
511 973
757 538
1150 4101
11962 911
8976 281
1811 861
4504 2356
1460 3257
1248 1252
404 1566
1923 507
1899 2581
669 606
3377 6648
532 10475
508 915
1331 3158
966 471
3744 836
1835 878
325 1018
5282 394
8967 2715
330 1718
461 283
3550 359
21089 300
3702 1621
260 870
23300 840
442 13498
707 2706
2639 421
987 2975
25041 614
560 652
281 7125
498 1406
8688 7269
3576 1382
31625 911
31626 19146
2707 2271
3086 1298
1700 420
3358 257
1175 415
441 1445
18033 1152
1086 1325
390 520
893 474
1139 2735
1363 530
3232 687
4725 441
15133 2346
404 4717
4141 20954
6620 24742
2098 1230
480 735
9373 452
5156 2434
2900 9168
1255 472
14671 766
51 111
3167 298
10089 1786
2222 767
1476 1071
759 736
1446 330
591 570
642 1268
1600 470
12593 3535
1517 507
7412 470
31665 8247
1510 326
497 1899
2564 1159
327 4478
869 9295
2194 259
2222 444
484 3200
550 1188
2367 79
528 14126
746 2611
16602 259
1068 1290
3457 773
4290 688
1427 4044
5670 916
770 2142
13710 2589
535 2398
753 739
2611 878
1967 1192
391 1234
645 876
809 1019
387 2427
15644 22719
3642 4467
435 547
8202 282
4156 41
436 10044
1807 831
688 365
468 1369
344 1209
456 8292
83 1548
6798 110
13464 2235
8125 739
1738 739
875 2453
574 2428
436 2769
1870 619
1227 329
4286 536
775 8037
9157 399
5441 4037
3075 277
1405 8945
492 4070
662 2577
1049 380
1326 498
6657 343
913 40
289 1359
669 283
83 415
2256 2140
2537 6885
257 440
305 12877
31734 553
4451 14828
3136 616
415 12098
5055 2012
5129 1516
1816 300
270 2544
13228 712
1026 798
78 5452
6578 316
7149 895
414 53
6702 1274
3187 288
492 789
1595 599
40 1451
953 2275
2999 938
419 6270
31756 260
31757 738
31758 419
781 9808
498 1393
439 953
507 2589
515 1035
706 294
775 1650
3018 1590
560 994
12275 1542
395 4994
4047 1861
388 309
2450 2343
4403 454
3202 606
1657 4046
836 673
4281 380
664 929
1047 691
1571 427
49 5530
2748 507
1572 260
1460 581
5298 8229
5948 899
3085 862
418 499
277 488
3886 282
1051 297
2198 427
10512 619
1899 3702
2366 338
303 1168
325 4502
300 1414
432 988
352 22810
738 3645
12621 7330
591 2746
275 3097
579 339
333 1436
2711 6140
22818 420
12116 757
979 1280
3530 804
324 818
7196 8821
468 1234
2489 3028
4751 1212
1635 1191
1563 399
546 5042
283 1227
4988 3029
379 14449
2141 4018
2171 6056
358 756
2935 673
339 2953
3352 407
1421 1536
3268 307
923 1711
10173 50
762 1130
14453 13152
1070 3277
28098 303
16987 407
4601 12633
1844 690
574 2369
6820 1343
1401 1262
9065 820
2490 967
4371 1666
411 987
929 316
5691 520
2999 330
528 1359
501 1051
515 321
99 55
350 3153
2740 579
1005 2399
13133 855
347 604
468 2957
1033 675
1348 8245
467 16028
461 1039
22858 7202
534 401
616 2591
982 387
591 304
50 4821
736 300
10877 22859
484 3051
79 439
2165 1157
11263 852
415 1521
4456 4196
1974 520
4610 572
28137 766
2578 394
443 1617
1267 9851
3385 1100
347 877
6464 704
5111 11686
381 1771
479 6574
2499 698
10538 12655
717 1538
751 16050
4052 498
1135 279
1081 1074
28149 6674
552 521
5970 1220
770 1604
389 297
590 1513
10887 329
515 497
597 1566
4614 1197
1399 394
1098 637
292 5391
7208 412
918 459
1569 7197
428 4298
430 6958
9082 334
2270 264
1430 2810
558 1454
2977 7354
919 3758
844 1955
892 11284
1048 3535
2080 3616
461 468
584 504
297 470
13176 40
279 1206
297 2026
5055 2418
965 269
3073 2323
682 2655
339 2903
1426 6581
2152 262
6694 297
1207 11702
802 9590
356 1872
3830 1410
624 1552
439 1351
404 1360
2781 581
304 869
403 11709
1594 13824
21087 28208
792 304
933 1415
8642 573
1782 303
482 348
1456 546
443 2456
2215 6697
940 268
1402 537
10218 1153
1326 1475
3271 8824
1958 504
620 730
2382 16086
4371 18139
281 5979
376 721
723 16089
968 652
523 295
15268 2000
390 788
393 1540
300 6698
456 1140
1860 483
6480 2199
308 350
2404 379
83 1212
866 2340
3454 1705
4996 257
736 301
2204 790
6450 1771
339 2616
1221 639
2497 1185
1093 729
1158 735
1010 83
2404 923
470 617
3688 1483
517 453
781 14517
14518 9348
2460 370
911 17080
2112 859
1348 10573
13204 849
1038 7515
686 1869
400 6369
344 2092
1480 268
2963 10230
1426 687
14525 420
257 1146
1681 3425
15287 359
330 1733
10921 277
3955 283
5251 1870
1148 22987
629 1255
1024 1220
428 79
44 422
1202 2486
475 454
1355 468
23000 264
443 21143
896 1378
888 820
1730 3583
2719 320
8273 365
468 297
330 4569
608 899
472 1411
642 6271
559 530
11337 782
873 13215
1992 5007
1420 5238
16122 1186
1019 2218
514 337
8659 361
3403 599
52 2812
590 2013
2467 339
289 343
450 495
3667 7522
365 1227
1432 5105
729 279
719 1025
13868 421
5985 410
3411 269
1022 302
341 268
3798 291
1767 9905
583 683
1900 951
356 1554
632 6713
746 3746
994 18183
910 854
17118 492
5795 1687
1660 3025
449 729
5638 261
1291 589
3184 520
484 2100
944 440
587 651
4705 1253
1024 1683
2166 2269
1601 2903
379 1999
871 2403
10251 571
1115 259
12203 269
554 2810
3399 437
685 1797
2294 361
329 532
8671 437
818 268
1354 394
6858 320
1040 2011
83 3633
1054 2280
558 1779
32107 1387
2056 872
5817 302
15326 622
2336 1631
1661 496
1574 78
548 1789
18209 639
1767 353
342 973
2050 373
2033 6347
1508 921
415 3368
4523 487
391 553
306 1832
7515 581
694 1799
480 6604
831 991
4631 1585
325 9922
410 2201
2526 2594
843 569
433 3169
333 1625
269 1174
594 496
634 1222
2161 300
1566 329
1142 6963
6992 19645
344 861
13242 599
590 11361
531 869
1365 269
828 1069
391 1163
2039 2922
475 1078
1784 1625
1595 1744
1344 555
273 2771
2943 970
792 480
277 9613
1749 3050
1070 1926
1648 932
412 3869
14581 441
393 4306
25375 10605
6996 1870
349 594
3333 298
2891 537
267 526
1868 290
373 3109
13898 1985
1144 4994
343 3173
3593 4526
832 347
643 441
401 2316
6724 341
267 6353
566 4415
620 1134
334 462
953 1074
1830 257
2728 1157
1094 4093
21228 7713
2231 6500
5308 318
12227 610
594 3326
529 487
9932 441
620 1722
1058 686
6149 609
615 5173
19528 301
378 583
12231 2937
643 378
2955 79
4138 432
13798 13905
10611 15211
2063 1268
16196 687
411 1442
18235 4607
1563 475
1446 1969
522 3806
2881 960
79 872
3297 45
453 4938
4569 933
514 636
473 360
344 1800
3110 874
591 7684
715 1999
779 258
44 9374
1833 637
5144 569
2918 523
742 1026
404 1444
260 1069
433 504
330 6501
11263 1579
1091 587
3871 2391
1554 941
4012 78
1915 1197
376 2901
50 8484
382 7918
788 594
2080 4466
7409 2655
269 1282
772 751
23119 2219
32251 757
32252 652
388 793
8295 8268
1322 435
4522 2853
2052 599
608 6388
4559 10275
2052 16218
1075 1978
1308 4225
1926 301
21281 17197
1841 872
13285 282
6624 551
1622 4319
2721 765
452 5453
83 1410
336 1042
305 5651
32274 4484
4315 521
1143 394
1949 3803
554 1099
523 712
19707 867
1104 882
1554 5060
1241 472
831 1101
3344 44
7412 2259
289 387
6998 4877
348 422
1118 1191
2885 529
4730 722
1078 482
805 2313
4701 1130
656 629
40 2291
872 1391
1953 7266
6512 2117
18295 7499
813 347
2088 4580
876 717
876 686
2164 645
2727 316
1772 23147
339 1693
83 6739
1764 298
733 1015
6680 1163
2473 21121
21305 772
1150 7410
472 664
1499 276
1248 1005
993 2667
1198 387
1996 348
115 4092
912 931
15379 10914
1591 2563
1697 3462
8912 454
2264 804
330 2658
415 735
21222 3795
381 7916
481 1684
418 2406
839 834
23175 262
1899 899
363 1454
4961 9396
470 1078
514 616
607 508
629 3996
755 115
16244 904
8304 1173
376 628
12270 19747
369 1779
329 290
11407 1237
334 10989
7536 3147
3947 361
3342 115
390 1177
277 2042
952 6378
18315 15242
430 2000
3266 851
1204 4225
2834 2733
1579 606
414 3028
5967 1483
350 1001
1045 515
602 1171
12788 3154
9665 19758
2387 404
325 348
267 1331
508 1168
2648 3365
3965 529
1450 1190
270 799
419 5839
591 308
2278 320
2352 10654
32385 1260
510 2083
23208 287
2993 7734
25425 4842
83 645
1928 1814
414 1942
49 362
32394 2560
32395 28579
32396 428
1334 400
877 444
14648 453
17240 13966
329 1899
4074 1820
438 378
50 2087
2134 379
3628 111
444 547
3177 568
661 639
584 394
894 9079
13969 9403
652 18347
28267 1389
791 881
7068 370
3413 7017
4986 303
3477 268
257 599
5880 541
487 1770
761 6873
4909 798
1534 288
2636 390
1837 410
6400 3124
971 3028
350 593
2122 344
482 1348
1192 328
289 52
3760 837
23231 9404
1377 465
923 747
1293 1220
7935 378
514 846
3011 744
821 4708
1755 79
587 1410
421 2237
3688 295
267 576
4022 279
4339 283
7930 2412
2450 5536
599 350
13329 262
4668 788
558 2952
1791 2921
1518 9681
900 449
301 646
502 403
297 1162
258 527
300 14668
749 5790
361 1201
258 423
5027 356
6013 282
588 347
1779 800
566 1413
1722 2709
290 1888
1427 19813
330 7583
981 3793
4003 780
359 15406
4227 2269
4159 290
456 4319
2763 531
5280 314
1867 6015
1010 304
327 1969
325 6248
1534 262
549 1543
2081 2087
466 2389
3479 3781
21387 671
9412 1355
380 1494
5401 4441
385 5923
1047 344
13993 428
2865 110
2537 505
2170 2612
11432 502
1219 758
2856 630
884 3332
1248 452
8712 79
471 2174
7430 1632
629 279
726 2499
2723 592
1937 115
2366 1406
535 111
9690 1074
13931 975
2909 477
662 5615
5282 1159
693 2031
258 421
475 1372
477 725
2658 712
5343 544
4215 18392
721 1663
397 330
7149 1176
4233 424
4510 302
5000 308
583 2402
1538 1540
2175 7245
554 6210
25624 361
3751 4645
475 1061
9989 300
3430 1354
1434 523
1159 341
1016 581
32548 397
713 1259
934 934
344 1114
2982 851
9991 507
479 3722
611 1477
17301 1639
2148 1874
3068 383
742 4987
313 3174
2057 4222
817 407
1956 496
2787 6411
347 587
1161 3297
1337 378
599 1109
5878 343
2189 111
5193 6306
685 5072
1628 354
7754 14702
986 2469
32576 111
4108 443
538 325
367 11446
4191 302
1279 2471
2833 331
667 730
2575 347
511 7210
2846 455
541 6307
271 18433
7507 4056
353 1290
290 1898
1438 25665
277 569
1934 282
620 4443
476 649
387 5379
256 53
976 483
79 1410
1166 552
508 1332
1800 399
822 737
292 3267
788 730
344 498
435 6601
2744 1645
297 828
283 2679
390 283
594 3592
514 523
344 1147
494 396
431 1166
28740 7601
657 1789
449 2052
4485 2268
1681 662
108 1391
1922 11854
615 3368
500 628
533 1485
466 520
2578 262
8724 787
1278 698
14040 635
83 1623
987 1355
1921 825
456 673
430 2664
5808 1056
4073 11455
325 2036
5751 433
7759 534
2401 448
348 2279
719 7677
799 424
736 7711
1155 2772
12193 591
7943 276
877 415
781 21474
374 588
1464 628
3865 739
4017 281
819 23361
481 1988
6534 7027
3785 360
6557 1081
1772 50
597 1404
434 2822
1656 15482
2529 294
1823 443
1018 5824
373 14704
2020 8971
7116 334
2396 5266
718 2655
4157 6269
2105 1516
753 1507
727 259
11461 269
2285 291
16350 4639
775 5082
572 1576
5027 367
2713 302
5429 78
21493 692
316 3237
1424 2004
17351 410
444 279
1758 283
4078 2312
1041 1150
296 1771
1334 632
1903 12349
662 8535
913 452
15494 11060
2515 21499
2434 887
393 497
11467 1836
624 4188
498 8536
1886 11454
10953 551
5260 720
5508 572
281 40
785 2756
28812 338
453 283
1877 531
6770 111
586 1076
2611 282
573 9718
4220 453
608 2658
5104 10297
1598 313
723 410
2977 8464
1112 383
1839 657
6714 880
3901 671
794 13404
477 591
9568 500
378 3809
574 2169
361 7562
550 1935
1145 580
1083 3780
373 1111
83 6104
473 507
951 2320
2244 2318
6188 257
1899 1857
3571 1689
570 591
12769 331
7582 443
999 2019
6454 5650
32751 2114
8540 303
1399 424
2231 1777
2421 1056
1042 1099
5519 6261
454 298
749 3505
2065 982
1922 279
1496 303
608 11476
435 7036
649 5858
911 859
